"subject","visit","parentreport_age","parentreport_sesp14","parentreport_sesp14_label","parentreport_sesp4","parentreport_sesp5","visit_age","hispanic","race","race_label","race_recode","race_recode_labels","income_recode","income_recode_labels","high_edu","edu","edu_labels"
"NCANDA_S00033","baseline",16.73,9,"$100, 000 through $199, 999",3,7,16.73,"N",5,"Caucasian/White",4,"white",3,">100",3,2,"BA/BS"
"NCANDA_S00034","baseline",16.95,9,"$100, 000 through $199, 999",3,1,16.95,"N",5,"Caucasian/White",4,"white",3,">100",3,2,"BA/BS"
"NCANDA_S00042","baseline",NA,NA,"",NA,NA,18.04,"N",5,"Caucasian/White",4,"white",NA,NA,NA,NA,NA
"NCANDA_S00043","baseline",15.93,7,"$50, 000 through $74, 999",1,1,15.93,"N",5,"Caucasian/White",4,"white",2,">50<100",1,1,"High School/GED/AA"
"NCANDA_S00051","baseline",13.8,5,"$25, 000 through $34, 999",5,1,13.8,"N",5,"Caucasian/White",4,"white",1,"<50",5,3,"Post-Graduate Degree"
"NCANDA_S00052","baseline",13.73,7,"$50, 000 through $74, 999",3,1,13.73,"Y",5,"Caucasian/White",3,"hispanic",2,">50<100",3,2,"BA/BS"
"NCANDA_S00057","baseline",NA,NA,"",NA,NA,17.63,"Y",6,"Caucasian/White",3,"hispanic",NA,NA,NA,NA,NA
"NCANDA_S00059","baseline",14.53,10,"$200, 000 and greater",3,3,14.53,"N",5,"Caucasian/White",4,"white",3,">100",3,2,"BA/BS"
"NCANDA_S00060","baseline",14.51,4,"$16, 000 through $24, 999",4,NA,14.51,"N",2,"Asian",1,"asian",1,"<50",4,3,"Post-Graduate Degree"
"NCANDA_S00061","baseline",17.15,9,"$100, 000 through $199, 999",7,3,17.15,"N",4,"African-American/Black",2,"black",3,">100",3,2,"BA/BS"
"NCANDA_S00062","baseline",16.21,4,"$16, 000 through $24, 999",2,NA,16.21,"N",4,"African-American/Black",2,"black",1,"<50",2,1,"High School/GED/AA"
"NCANDA_S00067","baseline",15.53,8,"$75, 000 through $99, 999",3,1,15.53,"N",5,"Caucasian/White",4,"white",2,">50<100",3,2,"BA/BS"
"NCANDA_S00072","baseline",18.06,9,"$100, 000 through $199, 999",4,1,18.06,"N",5,"Caucasian/White",4,"white",3,">100",4,3,"Post-Graduate Degree"
"NCANDA_S00073","baseline",15.83,7,"$50, 000 through $74, 999",4,4,15.83,"N",5,"Caucasian/White",4,"white",2,">50<100",4,3,"Post-Graduate Degree"
"NCANDA_S00076","baseline",18.01,4,"$16, 000 through $24, 999",7,NA,18.01,"N",5,"Caucasian/White",4,"white",1,"<50",7,4,"Other/None"
"NCANDA_S00077","baseline",19.89,9,"$100, 000 through $199, 999",4,3,19.89,"N",5,"Caucasian/White",4,"white",3,">100",4,3,"Post-Graduate Degree"
"NCANDA_S00078","baseline",16.79,10,"$200, 000 and greater",3,3,16.79,"N",5,"Caucasian/White",4,"white",3,">100",3,2,"BA/BS"
"NCANDA_S00081","baseline",15.85,5,"$25, 000 through $34, 999",7,NA,15.85,"N",4,"African-American/Black",2,"black",1,"<50",7,4,"Other/None"
"NCANDA_S00082","baseline",15.26,10,"$200, 000 and greater",4,4,15.26,"N",5,"Caucasian/White",4,"white",3,">100",4,3,"Post-Graduate Degree"
"NCANDA_S00083","baseline",18.48,6,"$35, 000 through $49, 999",4,NA,18.48,"N",6,"African-American_Caucasian",5,"other",1,"<50",4,3,"Post-Graduate Degree"
"NCANDA_S00084","baseline",19.4,9,"$100, 000 through $199, 999",7,1,19.4,"N",4,"African-American/Black",2,"black",3,">100",1,1,"High School/GED/AA"
"NCANDA_S00086","baseline",16.78,7,"$50, 000 through $74, 999",3,3,16.78,"N",5,"Caucasian/White",4,"white",2,">50<100",3,2,"BA/BS"
"NCANDA_S00089","baseline",15.27,6,"$35, 000 through $49, 999",1,NA,15.27,"N",4,"African-American/Black",2,"black",1,"<50",1,1,"High School/GED/AA"
"NCANDA_S00090","baseline",16.83,8,"$75, 000 through $99, 999",1,3,16.83,"N",5,"Caucasian/White",4,"white",2,">50<100",3,2,"BA/BS"
"NCANDA_S00091","baseline",16.88,5,"$25, 000 through $34, 999",1,1,16.88,"N",4,"African-American/Black",2,"black",1,"<50",1,1,"High School/GED/AA"
"NCANDA_S00092","baseline",15.47,10,"$200, 000 and greater",3,3,15.47,"N",5,"Caucasian/White",4,"white",3,">100",3,2,"BA/BS"
"NCANDA_S00093","baseline",18.37,9,"$100, 000 through $199, 999",3,3,18.37,"N",5,"Caucasian/White",4,"white",3,">100",3,2,"BA/BS"
"NCANDA_S00094","baseline",19.2,9,"$100, 000 through $199, 999",1,1,19.2,"N",5,"Caucasian/White",4,"white",3,">100",1,1,"High School/GED/AA"
"NCANDA_S00095","baseline",19.86,NA,"",NA,NA,19.86,"N",2,"Asian",1,"asian",NA,NA,NA,NA,NA
"NCANDA_S00096","baseline",17.08,9,"$100, 000 through $199, 999",3,3,17.08,"N",5,"Caucasian/White",4,"white",3,">100",3,2,"BA/BS"
"NCANDA_S00097","baseline",20.53,9,"$100, 000 through $199, 999",4,4,20.53,"Y",5,"Caucasian/White",3,"hispanic",3,">100",4,3,"Post-Graduate Degree"
"NCANDA_S00098","baseline",20.43,NA,"",NA,NA,20.43,"N",2,"Asian",1,"asian",NA,NA,NA,NA,NA
"NCANDA_S00099","baseline",13.76,4,"$16, 000 through $24, 999",2,1,13.76,"N",4,"African-American/Black",2,"black",1,"<50",2,1,"High School/GED/AA"
"NCANDA_S00104","baseline",NA,NA,"",NA,NA,16.58,"Y",6,"Caucasian/White",3,"hispanic",NA,NA,NA,NA,NA
"NCANDA_S00105","baseline",15.3,10,"$200, 000 and greater",4,6,15.3,"N",5,"Caucasian/White",4,"white",3,">100",6,3,"Post-Graduate Degree"
"NCANDA_S00106","baseline",17.6,10,"$200, 000 and greater",4,4,17.6,"N",2,"Asian",1,"asian",3,">100",4,3,"Post-Graduate Degree"
"NCANDA_S00107","baseline",17.2,8,"$75, 000 through $99, 999",6,NA,17.2,"N",2,"Asian",1,"asian",2,">50<100",6,3,"Post-Graduate Degree"
"NCANDA_S00108","baseline",19.87,9,"$100, 000 through $199, 999",7,3,19.87,"Y",5,"Caucasian/White",3,"hispanic",3,">100",3,2,"BA/BS"
"NCANDA_S00109","baseline",12.46,9,"$100, 000 through $199, 999",4,3,12.46,"N",5,"Caucasian/White",4,"white",3,">100",4,3,"Post-Graduate Degree"
"NCANDA_S00112","baseline",12.41,9,"$100, 000 through $199, 999",4,4,12.41,"N",5,"Caucasian/White",4,"white",3,">100",4,3,"Post-Graduate Degree"
"NCANDA_S00114","baseline",16.69,9,"$100, 000 through $199, 999",1,3,16.69,"N",5,"Caucasian/White",4,"white",3,">100",3,2,"BA/BS"
"NCANDA_S00115","baseline",17.31,9,"$100, 000 through $199, 999",2,1,17.31,"N",5,"Caucasian/White",4,"white",3,">100",2,1,"High School/GED/AA"
"NCANDA_S00116","baseline",17.36,9,"$100, 000 through $199, 999",4,3,17.36,"N",5,"Caucasian/White",4,"white",3,">100",4,3,"Post-Graduate Degree"
"NCANDA_S00117","baseline",20.11,NA,"",NA,NA,20.11,"N",5,"Caucasian/White",4,"white",NA,NA,NA,NA,NA
"NCANDA_S00118","baseline",14.41,7,"$50, 000 through $74, 999",3,3,14.41,"N",5,"Caucasian/White",4,"white",2,">50<100",3,2,"BA/BS"
"NCANDA_S00119","baseline",14.92,9,"$100, 000 through $199, 999",3,3,14.92,"N",5,"Caucasian/White",4,"white",3,">100",3,2,"BA/BS"
"NCANDA_S00121","baseline",15.04,7,"$50, 000 through $74, 999",7,3,15.04,"N",5,"Caucasian/White",4,"white",2,">50<100",3,2,"BA/BS"
"NCANDA_S00122","baseline",12.22,4,"$16, 000 through $24, 999",3,NA,12.22,"N",4,"African-American/Black",2,"black",1,"<50",3,2,"BA/BS"
"NCANDA_S00123","baseline",21.41,NA,"",NA,NA,21.41,"N",5,"Caucasian/White",4,"white",NA,NA,NA,NA,NA
"NCANDA_S00125","baseline",15.03,10,"$200, 000 and greater",4,6,15.03,"N",5,"Caucasian/White",4,"white",3,">100",6,3,"Post-Graduate Degree"
"NCANDA_S00126","baseline",17.25,10,"$200, 000 and greater",4,6,17.25,"N",5,"Caucasian/White",4,"white",3,">100",6,3,"Post-Graduate Degree"
"NCANDA_S00128","baseline",19.21,9,"$100, 000 through $199, 999",7,3,19.21,"N",5,"Caucasian/White",4,"white",3,">100",3,2,"BA/BS"
"NCANDA_S00129","baseline",15.04,9,"$100, 000 through $199, 999",5,4,15.04,"N",5,"Caucasian/White",4,"white",3,">100",5,3,"Post-Graduate Degree"
"NCANDA_S00130","baseline",17.28,10,"$200, 000 and greater",3,7,17.28,"N",2,"Asian",1,"asian",3,">100",3,2,"BA/BS"
"NCANDA_S00131","baseline",18.76,9,"$100, 000 through $199, 999",5,NA,18.76,"N",5,"Caucasian/White",4,"white",3,">100",5,3,"Post-Graduate Degree"
"NCANDA_S00132","baseline",14.84,8,"$75, 000 through $99, 999",3,3,14.84,"N",5,"Caucasian/White",4,"white",2,">50<100",3,2,"BA/BS"
"NCANDA_S00134","baseline",14.29,8,"$75, 000 through $99, 999",5,NA,14.29,"Y",5,"Caucasian/White",3,"hispanic",2,">50<100",5,3,"Post-Graduate Degree"
"NCANDA_S00135","baseline",21.45,9,"$100, 000 through $199, 999",3,NA,21.45,"N",2,"Asian",1,"asian",3,">100",3,2,"BA/BS"
"NCANDA_S00136","baseline",19.55,7,"$50, 000 through $74, 999",3,NA,19.55,"N",5,"Caucasian/White",4,"white",2,">50<100",3,2,"BA/BS"
"NCANDA_S00139","baseline",15.01,10,"$200, 000 and greater",5,3,15.01,"N",3,"Pacific Islander",5,"other",3,">100",5,3,"Post-Graduate Degree"
"NCANDA_S00140","baseline",15.98,9,"$100, 000 through $199, 999",3,NA,15.98,"N",5,"Caucasian/White",4,"white",3,">100",3,2,"BA/BS"
"NCANDA_S00141","baseline",20.2,10,"$200, 000 and greater",6,6,20.2,"N",5,"Caucasian/White",4,"white",3,">100",6,3,"Post-Graduate Degree"
"NCANDA_S00142","baseline",18.24,10,"$200, 000 and greater",3,3,18.24,"N",2,"Asian",1,"asian",3,">100",3,2,"BA/BS"
"NCANDA_S00143","baseline",13.02,4,"$16, 000 through $24, 999",3,2,13.02,"N",5,"Caucasian/White",4,"white",1,"<50",3,2,"BA/BS"
"NCANDA_S00144","baseline",15.9,7,"$50, 000 through $74, 999",2,3,15.9,"N",4,"African-American/Black",2,"black",2,">50<100",3,2,"BA/BS"
"NCANDA_S00145","baseline",13.48,8,"$75, 000 through $99, 999",2,3,13.48,"N",5,"Caucasian/White",4,"white",2,">50<100",3,2,"BA/BS"
"NCANDA_S00148","baseline",16.49,8,"$75, 000 through $99, 999",7,3,16.49,"N",5,"Caucasian/White",4,"white",2,">50<100",3,2,"BA/BS"
"NCANDA_S00150","baseline",17.05,9,"$100, 000 through $199, 999",3,5,17.05,"N",5,"Caucasian/White",4,"white",3,">100",5,3,"Post-Graduate Degree"
"NCANDA_S00151","baseline",16.77,5,"$25, 000 through $34, 999",3,NA,16.77,"N",5,"Caucasian/White",4,"white",1,"<50",3,2,"BA/BS"
"NCANDA_S00152","baseline",13.26,9,"$100, 000 through $199, 999",4,4,13.26,"N",5,"Caucasian/White",4,"white",3,">100",4,3,"Post-Graduate Degree"
"NCANDA_S00153","baseline",15.45,4,"$16, 000 through $24, 999",1,NA,15.45,"N",5,"Caucasian/White",4,"white",1,"<50",1,1,"High School/GED/AA"
"NCANDA_S00154","baseline",18.76,NA,"",NA,NA,18.76,"Y",5,"Caucasian/White",3,"hispanic",NA,NA,NA,NA,NA
"NCANDA_S00155","baseline",12.21,8,"$75, 000 through $99, 999",3,3,12.21,"N",4,"African-American/Black",2,"black",2,">50<100",3,2,"BA/BS"
"NCANDA_S00156","baseline",13.78,11,"Don't know",1,1,13.78,"N",4,"African-American/Black",2,"black",4,"dk",1,1,"High School/GED/AA"
"NCANDA_S00159","baseline",15.42,10,"$200, 000 and greater",4,4,15.42,"N",5,"Caucasian/White",4,"white",3,">100",4,3,"Post-Graduate Degree"
"NCANDA_S00160","baseline",12.53,9,"$100, 000 through $199, 999",3,3,12.53,"N",5,"Caucasian/White",4,"white",3,">100",3,2,"BA/BS"
"NCANDA_S00161","baseline",14.38,7,"$50, 000 through $74, 999",1,2,14.38,"N",3,"Pacific Islander",5,"other",2,">50<100",2,1,"High School/GED/AA"
"NCANDA_S00162","baseline",16.23,10,"$200, 000 and greater",6,6,16.23,"N",5,"Caucasian/White",4,"white",3,">100",6,3,"Post-Graduate Degree"
"NCANDA_S00163","baseline",14.56,10,"$200, 000 and greater",6,6,14.56,"N",5,"Caucasian/White",4,"white",3,">100",6,3,"Post-Graduate Degree"
"NCANDA_S00164","baseline",15.76,10,"$200, 000 and greater",3,3,15.76,"N",5,"Caucasian/White",4,"white",3,">100",3,2,"BA/BS"
"NCANDA_S00165","baseline",17.53,2,"$5, 000 through $11, 999",3,3,17.53,"N",5,"Caucasian/White",4,"white",1,"<50",3,2,"BA/BS"
"NCANDA_S00166","baseline",13.6,9,"$100, 000 through $199, 999",3,1,13.6,"N",5,"Caucasian/White",4,"white",3,">100",3,2,"BA/BS"
"NCANDA_S00167","baseline",18.07,9,"$100, 000 through $199, 999",7,7,18.07,"Y",6,"Caucasian/White",3,"hispanic",3,">100",8,4,"Other/None"
"NCANDA_S00168","baseline",19.11,7,"$50, 000 through $74, 999",3,NA,19.11,"N",5,"Caucasian/White",4,"white",2,">50<100",3,2,"BA/BS"
"NCANDA_S00169","baseline",13.59,10,"$200, 000 and greater",3,4,13.59,"Y",5,"Caucasian/White",3,"hispanic",3,">100",4,3,"Post-Graduate Degree"
"NCANDA_S00170","baseline",17.45,9,"$100, 000 through $199, 999",1,1,17.45,"N",5,"Caucasian/White",4,"white",3,">100",1,1,"High School/GED/AA"
"NCANDA_S00172","baseline",15.5,4,"$16, 000 through $24, 999",1,NA,15.5,"N",4,"African-American/Black",2,"black",1,"<50",1,1,"High School/GED/AA"
"NCANDA_S00173","baseline",13.97,10,"$200, 000 and greater",3,4,13.97,"N",5,"Caucasian/White",4,"white",3,">100",4,3,"Post-Graduate Degree"
"NCANDA_S00174","baseline",13.95,7,"$50, 000 through $74, 999",3,NA,13.95,"N",5,"Caucasian/White",4,"white",2,">50<100",3,2,"BA/BS"
"NCANDA_S00175","baseline",14.29,9,"$100, 000 through $199, 999",3,NA,14.29,"Y",6,"Asian_White",3,"hispanic",3,">100",3,2,"BA/BS"
"NCANDA_S00176","baseline",19.43,8,"$75, 000 through $99, 999",3,NA,19.43,"Y",6,"Caucasian/White",3,"hispanic",2,">50<100",3,2,"BA/BS"
"NCANDA_S00178","baseline",18.14,6,"$35, 000 through $49, 999",3,NA,18.14,"N",5,"Caucasian/White",4,"white",1,"<50",3,2,"BA/BS"
"NCANDA_S00179","baseline",19.9,8,"$75, 000 through $99, 999",4,4,19.9,"N",5,"Caucasian/White",4,"white",2,">50<100",4,3,"Post-Graduate Degree"
"NCANDA_S00182","baseline",15.37,7,"$50, 000 through $74, 999",3,NA,15.37,"N",4,"African-American/Black",2,"black",2,">50<100",3,2,"BA/BS"
"NCANDA_S00183","baseline",14.73,10,"$200, 000 and greater",4,4,14.73,"N",6,"Asian_White",5,"other",3,">100",4,3,"Post-Graduate Degree"
"NCANDA_S00184","baseline",12.4,7,"$50, 000 through $74, 999",1,2,12.4,"N",2,"Asian",1,"asian",2,">50<100",2,1,"High School/GED/AA"
"NCANDA_S00185","baseline",15.45,9,"$100, 000 through $199, 999",5,NA,15.45,"N",2,"Asian",1,"asian",3,">100",5,3,"Post-Graduate Degree"
"NCANDA_S00187","baseline",17.77,10,"$200, 000 and greater",4,3,17.77,"N",5,"Caucasian/White",4,"white",3,">100",4,3,"Post-Graduate Degree"
"NCANDA_S00189","baseline",17.25,11,"Don't know",3,3,17.25,"N",5,"Caucasian/White",4,"white",4,"dk",3,2,"BA/BS"
"NCANDA_S00190","baseline",16.6,10,"$200, 000 and greater",4,6,16.6,"N",5,"Caucasian/White",4,"white",3,">100",6,3,"Post-Graduate Degree"
"NCANDA_S00191","baseline",13.34,10,"$200, 000 and greater",6,3,13.34,"N",5,"Caucasian/White",4,"white",3,">100",6,3,"Post-Graduate Degree"
"NCANDA_S00192","baseline",16.09,10,"$200, 000 and greater",6,3,16.09,"N",5,"Caucasian/White",4,"white",3,">100",6,3,"Post-Graduate Degree"
"NCANDA_S00193","baseline",18.12,7,"$50, 000 through $74, 999",4,NA,18.12,"N",5,"Caucasian/White",4,"white",2,">50<100",4,3,"Post-Graduate Degree"
"NCANDA_S00194","baseline",17.97,9,"$100, 000 through $199, 999",3,1,17.97,"N",5,"Caucasian/White",4,"white",3,">100",3,2,"BA/BS"
"NCANDA_S00195","baseline",17.17,11,"Don't know",1,6,17.17,"N",5,"Caucasian/White",4,"white",4,"dk",6,3,"Post-Graduate Degree"
"NCANDA_S00196","baseline",16.44,9,"$100, 000 through $199, 999",2,3,16.44,"N",5,"Caucasian/White",4,"white",3,">100",3,2,"BA/BS"
"NCANDA_S00197","baseline",14.53,9,"$100, 000 through $199, 999",3,3,14.53,"N",5,"Caucasian/White",4,"white",3,">100",3,2,"BA/BS"
"NCANDA_S00199","baseline",20.61,NA,"",NA,NA,20.61,"N",5,"Caucasian/White",4,"white",NA,NA,NA,NA,NA
"NCANDA_S00202","baseline",14.49,6,"$35, 000 through $49, 999",3,1,14.49,"N",2,"Asian",1,"asian",1,"<50",3,2,"BA/BS"
"NCANDA_S00204","baseline",21.91,8,"$75, 000 through $99, 999",3,1,21.91,"Y",6,"Caucasian/White",3,"hispanic",2,">50<100",3,2,"BA/BS"
"NCANDA_S00205","baseline",17.96,8,"$75, 000 through $99, 999",3,4,17.96,"N",5,"Caucasian/White",4,"white",2,">50<100",4,3,"Post-Graduate Degree"
"NCANDA_S00206","baseline",16.95,9,"$100, 000 through $199, 999",1,3,16.95,"Y",5,"Caucasian/White",3,"hispanic",3,">100",3,2,"BA/BS"
"NCANDA_S00207","baseline",14.06,9,"$100, 000 through $199, 999",3,NA,14.06,"N",5,"Caucasian/White",4,"white",3,">100",3,2,"BA/BS"
"NCANDA_S00209","baseline",14.11,6,"$35, 000 through $49, 999",7,NA,14.11,"N",4,"African-American/Black",2,"black",1,"<50",7,4,"Other/None"
"NCANDA_S00210","baseline",12.26,7,"$50, 000 through $74, 999",3,NA,12.26,"N",5,"Caucasian/White",4,"white",2,">50<100",3,2,"BA/BS"
"NCANDA_S00211","baseline",16.54,9,"$100, 000 through $199, 999",5,1,16.54,"N",5,"Caucasian/White",4,"white",3,">100",5,3,"Post-Graduate Degree"
"NCANDA_S00213","baseline",15.82,8,"$75, 000 through $99, 999",4,3,15.82,"N",5,"Caucasian/White",4,"white",2,">50<100",4,3,"Post-Graduate Degree"
"NCANDA_S00214","baseline",17.61,9,"$100, 000 through $199, 999",2,2,17.61,"N",5,"Caucasian/White",4,"white",3,">100",2,1,"High School/GED/AA"
"NCANDA_S00215","baseline",18.02,9,"$100, 000 through $199, 999",4,NA,18.02,"N",5,"Caucasian/White",4,"white",3,">100",4,3,"Post-Graduate Degree"
"NCANDA_S00216","baseline",13.6,9,"$100, 000 through $199, 999",3,2,13.6,"N",2,"Asian",1,"asian",3,">100",3,2,"BA/BS"
"NCANDA_S00217","baseline",13.35,9,"$100, 000 through $199, 999",3,1,13.35,"Y",5,"Caucasian/White",3,"hispanic",3,">100",3,2,"BA/BS"
"NCANDA_S00218","baseline",12.17,7,"$50, 000 through $74, 999",3,NA,12.17,"N",6,"Asian_White",5,"other",2,">50<100",3,2,"BA/BS"
"NCANDA_S00219","baseline",13.97,10,"$200, 000 and greater",6,6,13.97,"N",5,"Caucasian/White",4,"white",3,">100",6,3,"Post-Graduate Degree"
"NCANDA_S00220","baseline",14.75,7,"$50, 000 through $74, 999",2,1,14.75,"N",5,"Caucasian/White",4,"white",2,">50<100",2,1,"High School/GED/AA"
"NCANDA_S00222","baseline",18.45,7,"$50, 000 through $74, 999",3,NA,18.45,"N",5,"Caucasian/White",4,"white",2,">50<100",3,2,"BA/BS"
"NCANDA_S00224","baseline",20.46,9,"$100, 000 through $199, 999",3,6,20.46,"N",5,"Caucasian/White",4,"white",3,">100",6,3,"Post-Graduate Degree"
"NCANDA_S00225","baseline",18.39,6,"$35, 000 through $49, 999",3,3,18.39,"N",5,"Caucasian/White",4,"white",1,"<50",3,2,"BA/BS"
"NCANDA_S00226","baseline",18.32,9,"$100, 000 through $199, 999",3,3,18.32,"N",5,"Caucasian/White",4,"white",3,">100",3,2,"BA/BS"
"NCANDA_S00227","baseline",14.71,4,"$16, 000 through $24, 999",7,NA,14.71,"N",4,"African-American/Black",2,"black",1,"<50",7,4,"Other/None"
"NCANDA_S00228","baseline",17.54,6,"$35, 000 through $49, 999",4,NA,17.54,"N",2,"Asian",1,"asian",1,"<50",4,3,"Post-Graduate Degree"
"NCANDA_S00229","baseline",15.03,10,"$200, 000 and greater",4,4,15.03,"N",5,"Caucasian/White",4,"white",3,">100",4,3,"Post-Graduate Degree"
"NCANDA_S00230","baseline",15.47,9,"$100, 000 through $199, 999",4,4,15.47,"N",5,"Caucasian/White",4,"white",3,">100",4,3,"Post-Graduate Degree"
"NCANDA_S00231","baseline",17.89,8,"$75, 000 through $99, 999",3,NA,17.89,"N",5,"Caucasian/White",4,"white",2,">50<100",3,2,"BA/BS"
"NCANDA_S00232","baseline",13,10,"$200, 000 and greater",4,4,13,"N",2,"Asian",1,"asian",3,">100",4,3,"Post-Graduate Degree"
"NCANDA_S00233","baseline",13.54,8,"$75, 000 through $99, 999",3,3,13.54,"N",5,"Caucasian/White",4,"white",2,">50<100",3,2,"BA/BS"
"NCANDA_S00234","baseline",13.12,9,"$100, 000 through $199, 999",4,2,13.12,"N",5,"Caucasian/White",4,"white",3,">100",4,3,"Post-Graduate Degree"
"NCANDA_S00235","baseline",20.42,6,"$35, 000 through $49, 999",3,3,20.42,"N",5,"Caucasian/White",4,"white",1,"<50",3,2,"BA/BS"
"NCANDA_S00236","baseline",15.4,10,"$200, 000 and greater",3,6,15.4,"N",5,"Caucasian/White",4,"white",3,">100",6,3,"Post-Graduate Degree"
"NCANDA_S00237","baseline",NA,NA,"",NA,NA,18.56,"N",5,"Caucasian/White",4,"white",NA,NA,NA,NA,NA
"NCANDA_S00238","baseline",16.26,8,"$75, 000 through $99, 999",4,3,16.26,"N",5,"Caucasian/White",4,"white",2,">50<100",4,3,"Post-Graduate Degree"
"NCANDA_S00239","baseline",17.18,9,"$100, 000 through $199, 999",3,3,17.18,"N",5,"Caucasian/White",4,"white",3,">100",3,2,"BA/BS"
"NCANDA_S00241","baseline",15.01,9,"$100, 000 through $199, 999",4,4,15.01,"Y",5,"Caucasian/White",3,"hispanic",3,">100",4,3,"Post-Graduate Degree"
"NCANDA_S00242","baseline",16.19,7,"$50, 000 through $74, 999",3,1,16.19,"N",5,"Caucasian/White",4,"white",2,">50<100",3,2,"BA/BS"
"NCANDA_S00243","baseline",17.96,8,"$75, 000 through $99, 999",1,1,17.96,"Y",5,"Caucasian/White",3,"hispanic",2,">50<100",1,1,"High School/GED/AA"
"NCANDA_S00244","baseline",NA,NA,"",NA,NA,16.29,"N",5,"Caucasian/White",4,"white",NA,NA,NA,NA,NA
"NCANDA_S00245","baseline",16.91,9,"$100, 000 through $199, 999",5,3,16.91,"N",5,"Caucasian/White",4,"white",3,">100",5,3,"Post-Graduate Degree"
"NCANDA_S00246","baseline",14.82,8,"$75, 000 through $99, 999",4,3,14.82,"N",5,"Caucasian/White",4,"white",2,">50<100",4,3,"Post-Graduate Degree"
"NCANDA_S00247","baseline",12.9,10,"$200, 000 and greater",3,NA,12.9,"N",5,"Caucasian/White",4,"white",3,">100",3,2,"BA/BS"
"NCANDA_S00248","baseline",15.82,9,"$100, 000 through $199, 999",2,4,15.82,"N",5,"Caucasian/White",4,"white",3,">100",4,3,"Post-Graduate Degree"
"NCANDA_S00249","baseline",16.03,9,"$100, 000 through $199, 999",3,1,16.03,"N",5,"Caucasian/White",4,"white",3,">100",3,2,"BA/BS"
"NCANDA_S00250","baseline",14.34,9,"$100, 000 through $199, 999",3,3,14.34,"N",2,"Asian",1,"asian",3,">100",3,2,"BA/BS"
"NCANDA_S00251","baseline",NA,NA,"",NA,NA,14.32,"N",4,"African-American/Black",2,"black",NA,NA,NA,NA,NA
"NCANDA_S00252","baseline",17.87,9,"$100, 000 through $199, 999",4,3,17.87,"Y",5,"Caucasian/White",3,"hispanic",3,">100",4,3,"Post-Graduate Degree"
"NCANDA_S00253","baseline",17.17,9,"$100, 000 through $199, 999",3,1,17.17,"Y",5,"Caucasian/White",3,"hispanic",3,">100",3,2,"BA/BS"
"NCANDA_S00254","baseline",21.23,9,"$100, 000 through $199, 999",3,3,21.23,"N",5,"Caucasian/White",4,"white",3,">100",3,2,"BA/BS"
"NCANDA_S00255","baseline",16.58,8,"$75, 000 through $99, 999",3,3,16.58,"N",5,"Caucasian/White",4,"white",2,">50<100",3,2,"BA/BS"
"NCANDA_S00256","baseline",12.3,8,"$75, 000 through $99, 999",4,3,12.3,"N",5,"Caucasian/White",4,"white",2,">50<100",4,3,"Post-Graduate Degree"
"NCANDA_S00257","baseline",13.67,10,"$200, 000 and greater",4,4,13.67,"N",5,"Caucasian/White",4,"white",3,">100",4,3,"Post-Graduate Degree"
"NCANDA_S00258","baseline",15.29,9,"$100, 000 through $199, 999",4,4,15.29,"N",5,"Caucasian/White",4,"white",3,">100",4,3,"Post-Graduate Degree"
"NCANDA_S00259","baseline",16.76,6,"$35, 000 through $49, 999",3,3,16.76,"N",5,"Caucasian/White",4,"white",1,"<50",3,2,"BA/BS"
"NCANDA_S00260","baseline",16.96,9,"$100, 000 through $199, 999",3,5,16.96,"N",5,"Caucasian/White",4,"white",3,">100",5,3,"Post-Graduate Degree"
"NCANDA_S00261","baseline",15.23,9,"$100, 000 through $199, 999",3,2,15.23,"N",2,"Asian",1,"asian",3,">100",3,2,"BA/BS"
"NCANDA_S00262","baseline",18.44,6,"$35, 000 through $49, 999",3,3,18.44,"N",5,"Caucasian/White",4,"white",1,"<50",3,2,"BA/BS"
"NCANDA_S00263","baseline",15.46,10,"$200, 000 and greater",4,4,15.46,"N",5,"Caucasian/White",4,"white",3,">100",4,3,"Post-Graduate Degree"
"NCANDA_S00264","baseline",13.88,10,"$200, 000 and greater",4,4,13.88,"N",5,"Caucasian/White",4,"white",3,">100",4,3,"Post-Graduate Degree"
"NCANDA_S00265","baseline",13.42,4,"$16, 000 through $24, 999",2,NA,13.42,"N",5,"Caucasian/White",4,"white",1,"<50",2,1,"High School/GED/AA"
"NCANDA_S00266","baseline",NA,NA,"",NA,NA,18.93,"N",5,"Caucasian/White",4,"white",NA,NA,NA,NA,NA
"NCANDA_S00267","baseline",18.05,8,"$75, 000 through $99, 999",4,4,18.05,"N",5,"Caucasian/White",4,"white",2,">50<100",4,3,"Post-Graduate Degree"
"NCANDA_S00268","baseline",14.72,2,"$5, 000 through $11, 999",8,NA,14.72,"N",4,"African-American/Black",2,"black",1,"<50",8,4,"Other/None"
"NCANDA_S00269","baseline",17.43,10,"$200, 000 and greater",3,2,17.43,"N",5,"Caucasian/White",4,"white",3,">100",3,2,"BA/BS"
"NCANDA_S00270","baseline",13.65,10,"$200, 000 and greater",4,5,13.65,"N",2,"Asian",1,"asian",3,">100",5,3,"Post-Graduate Degree"
"NCANDA_S00271","baseline",19,10,"$200, 000 and greater",4,4,19,"N",5,"Caucasian/White",4,"white",3,">100",4,3,"Post-Graduate Degree"
"NCANDA_S00272","baseline",17,9,"$100, 000 through $199, 999",3,4,17,"N",5,"Caucasian/White",4,"white",3,">100",4,3,"Post-Graduate Degree"
"NCANDA_S00273","baseline",14.77,10,"$200, 000 and greater",3,4,14.77,"N",5,"Caucasian/White",4,"white",3,">100",4,3,"Post-Graduate Degree"
"NCANDA_S00274","baseline",13.63,9,"$100, 000 through $199, 999",4,3,13.63,"N",5,"Caucasian/White",4,"white",3,">100",4,3,"Post-Graduate Degree"
"NCANDA_S00275","baseline",16.5,10,"$200, 000 and greater",6,5,16.5,"N",5,"Caucasian/White",4,"white",3,">100",6,3,"Post-Graduate Degree"
"NCANDA_S00276","baseline",19.92,9,"$100, 000 through $199, 999",1,3,19.92,"Y",5,"Caucasian/White",3,"hispanic",3,">100",3,2,"BA/BS"
"NCANDA_S00277","baseline",16.94,10,"$200, 000 and greater",3,3,16.94,"N",5,"Caucasian/White",4,"white",3,">100",3,2,"BA/BS"
"NCANDA_S00278","baseline",16.31,7,"$50, 000 through $74, 999",1,1,16.31,"N",5,"Caucasian/White",4,"white",2,">50<100",1,1,"High School/GED/AA"
"NCANDA_S00279","baseline",14.11,7,"$50, 000 through $74, 999",3,NA,14.11,"N",4,"African-American/Black",2,"black",2,">50<100",3,2,"BA/BS"
"NCANDA_S00280","baseline",16.92,6,"$35, 000 through $49, 999",3,NA,16.92,"N",5,"Caucasian/White",4,"white",1,"<50",3,2,"BA/BS"
"NCANDA_S00281","baseline",NA,NA,"",NA,NA,21.28,"N",5,"Caucasian/White",4,"white",NA,NA,NA,NA,NA
"NCANDA_S00282","baseline",14.37,9,"$100, 000 through $199, 999",3,3,14.37,"N",5,"Caucasian/White",4,"white",3,">100",3,2,"BA/BS"
"NCANDA_S00283","baseline",20.82,7,"$50, 000 through $74, 999",3,3,20.82,"N",2,"Asian",1,"asian",2,">50<100",3,2,"BA/BS"
"NCANDA_S00284","baseline",14.6,10,"$200, 000 and greater",3,3,14.6,"N",5,"Caucasian/White",4,"white",3,">100",3,2,"BA/BS"
"NCANDA_S00285","baseline",12.71,10,"$200, 000 and greater",3,3,12.71,"N",5,"Caucasian/White",4,"white",3,">100",3,2,"BA/BS"
"NCANDA_S00287","baseline",12,10,"$200, 000 and greater",4,5,12,"N",2,"Asian",1,"asian",3,">100",5,3,"Post-Graduate Degree"
"NCANDA_S00288","baseline",15.59,9,"$100, 000 through $199, 999",4,4,15.59,"N",5,"Caucasian/White",4,"white",3,">100",4,3,"Post-Graduate Degree"
"NCANDA_S00289","baseline",18.16,9,"$100, 000 through $199, 999",3,3,18.16,"N",5,"Caucasian/White",4,"white",3,">100",3,2,"BA/BS"
"NCANDA_S00290","baseline",20.13,4,"$16, 000 through $24, 999",2,NA,20.13,"N",4,"African-American/Black",2,"black",1,"<50",2,1,"High School/GED/AA"
"NCANDA_S00291","baseline",13.75,9,"$100, 000 through $199, 999",3,3,13.75,"N",5,"Caucasian/White",4,"white",3,">100",3,2,"BA/BS"
"NCANDA_S00292","baseline",16.82,9,"$100, 000 through $199, 999",4,3,16.82,"N",5,"Caucasian/White",4,"white",3,">100",4,3,"Post-Graduate Degree"
"NCANDA_S00293","baseline",15.08,11,"Don't know",4,3,15.08,"N",2,"Asian",1,"asian",4,"dk",4,3,"Post-Graduate Degree"
"NCANDA_S00294","baseline",13.5,6,"$35, 000 through $49, 999",1,NA,13.5,"N",4,"African-American/Black",2,"black",1,"<50",1,1,"High School/GED/AA"
"NCANDA_S00295","baseline",18.6,9,"$100, 000 through $199, 999",3,1,18.6,"N",5,"Caucasian/White",4,"white",3,">100",3,2,"BA/BS"
"NCANDA_S00296","baseline",15.5,7,"$50, 000 through $74, 999",3,NA,15.5,"N",6,"Asian_White",5,"other",2,">50<100",3,2,"BA/BS"
"NCANDA_S00297","baseline",15.01,9,"$100, 000 through $199, 999",3,1,15.01,"N",5,"Caucasian/White",4,"white",3,">100",3,2,"BA/BS"
"NCANDA_S00298","baseline",NA,NA,"",NA,NA,18.26,"N",5,"Caucasian/White",4,"white",NA,NA,NA,NA,NA
"NCANDA_S00299","baseline",16.49,9,"$100, 000 through $199, 999",1,2,16.49,"N",5,"Caucasian/White",4,"white",3,">100",2,1,"High School/GED/AA"
"NCANDA_S00300","baseline",16.5,10,"$200, 000 and greater",6,5,16.5,"N",5,"Caucasian/White",4,"white",3,">100",6,3,"Post-Graduate Degree"
"NCANDA_S00301","baseline",14.66,6,"$35, 000 through $49, 999",3,3,14.66,"N",5,"Caucasian/White",4,"white",1,"<50",3,2,"BA/BS"
"NCANDA_S00302","baseline",13.67,9,"$100, 000 through $199, 999",3,NA,13.67,"Y",5,"Caucasian/White",3,"hispanic",3,">100",3,2,"BA/BS"
"NCANDA_S00303","baseline",17.38,9,"$100, 000 through $199, 999",3,NA,17.38,"Y",5,"Caucasian/White",3,"hispanic",3,">100",3,2,"BA/BS"
"NCANDA_S00304","baseline",14.12,9,"$100, 000 through $199, 999",4,2,14.12,"N",5,"Caucasian/White",4,"white",3,">100",4,3,"Post-Graduate Degree"
"NCANDA_S00305","baseline",13.64,6,"$35, 000 through $49, 999",2,2,13.64,"N",4,"African-American/Black",2,"black",1,"<50",2,1,"High School/GED/AA"
"NCANDA_S00306","baseline",15.66,10,"$200, 000 and greater",4,5,15.66,"N",2,"Asian",1,"asian",3,">100",5,3,"Post-Graduate Degree"
"NCANDA_S00307","baseline",17.87,10,"$200, 000 and greater",4,4,17.87,"N",5,"Caucasian/White",4,"white",3,">100",4,3,"Post-Graduate Degree"
"NCANDA_S00308","baseline",19.5,9,"$100, 000 through $199, 999",4,3,19.5,"N",5,"Caucasian/White",4,"white",3,">100",4,3,"Post-Graduate Degree"
"NCANDA_S00309","baseline",NA,NA,"",NA,NA,18.28,"N",2,"Asian",1,"asian",NA,NA,NA,NA,NA
"NCANDA_S00310","baseline",13.22,5,"$25, 000 through $34, 999",8,1,13.22,"N",5,"Caucasian/White",4,"white",1,"<50",1,1,"High School/GED/AA"
"NCANDA_S00311","baseline",18.81,9,"$100, 000 through $199, 999",4,4,18.81,"N",5,"Caucasian/White",4,"white",3,">100",4,3,"Post-Graduate Degree"
"NCANDA_S00312","baseline",18.12,8,"$75, 000 through $99, 999",7,6,18.12,"N",5,"Caucasian/White",4,"white",2,">50<100",6,3,"Post-Graduate Degree"
"NCANDA_S00314","baseline",12.39,4,"$16, 000 through $24, 999",8,NA,12.39,"Y",6,"Caucasian/White",3,"hispanic",1,"<50",8,4,"Other/None"
"NCANDA_S00315","baseline",14.11,7,"$50, 000 through $74, 999",1,1,14.11,"N",5,"Caucasian/White",4,"white",2,">50<100",1,1,"High School/GED/AA"
"NCANDA_S00316","baseline",15.56,9,"$100, 000 through $199, 999",4,2,15.56,"N",5,"Caucasian/White",4,"white",3,">100",4,3,"Post-Graduate Degree"
"NCANDA_S00317","baseline",NA,NA,"",NA,NA,18.34,"N",5,"Caucasian/White",4,"white",NA,NA,NA,NA,NA
"NCANDA_S00318","baseline",16.82,7,"$50, 000 through $74, 999",3,3,16.82,"N",5,"Caucasian/White",4,"white",2,">50<100",3,2,"BA/BS"
"NCANDA_S00319","baseline",14.35,5,"$25, 000 through $34, 999",7,NA,14.35,"N",4,"African-American/Black",2,"black",1,"<50",7,4,"Other/None"
"NCANDA_S00320","baseline",16.44,9,"$100, 000 through $199, 999",3,2,16.44,"N",5,"Caucasian/White",4,"white",3,">100",3,2,"BA/BS"
"NCANDA_S00321","baseline",17.98,9,"$100, 000 through $199, 999",1,4,17.98,"N",5,"Caucasian/White",4,"white",3,">100",4,3,"Post-Graduate Degree"
"NCANDA_S00322","baseline",16.59,1,"Less than $5, 000",8,8,16.59,"N",4,"African-American/Black",2,"black",1,"<50",8,4,"Other/None"
"NCANDA_S00323","baseline",15.25,7,"$50, 000 through $74, 999",3,NA,15.25,"N",4,"African-American/Black",2,"black",2,">50<100",3,2,"BA/BS"
"NCANDA_S00325","baseline",NA,NA,"",NA,NA,18.06,"N",5,"Caucasian/White",4,"white",NA,NA,NA,NA,NA
"NCANDA_S00326","baseline",19.76,7,"$50, 000 through $74, 999",3,3,19.76,"N",5,"Caucasian/White",4,"white",2,">50<100",3,2,"BA/BS"
"NCANDA_S00327","baseline",15.49,9,"$100, 000 through $199, 999",4,3,15.49,"N",5,"Caucasian/White",4,"white",3,">100",4,3,"Post-Graduate Degree"
"NCANDA_S00328","baseline",19.37,10,"$200, 000 and greater",4,5,19.37,"N",5,"Caucasian/White",4,"white",3,">100",5,3,"Post-Graduate Degree"
"NCANDA_S00329","baseline",13.77,10,"$200, 000 and greater",4,4,13.77,"N",5,"Caucasian/White",4,"white",3,">100",4,3,"Post-Graduate Degree"
"NCANDA_S00330","baseline",17.99,8,"$75, 000 through $99, 999",6,NA,17.99,"Y",5,"Caucasian/White",3,"hispanic",2,">50<100",6,3,"Post-Graduate Degree"
"NCANDA_S00331","baseline",15.33,8,"$75, 000 through $99, 999",2,3,15.33,"N",5,"Caucasian/White",4,"white",2,">50<100",3,2,"BA/BS"
"NCANDA_S00332","baseline",12.52,6,"$35, 000 through $49, 999",1,1,12.52,"N",4,"African-American/Black",2,"black",1,"<50",1,1,"High School/GED/AA"
"NCANDA_S00333","baseline",14.28,6,"$35, 000 through $49, 999",1,1,14.28,"N",4,"African-American/Black",2,"black",1,"<50",1,1,"High School/GED/AA"
"NCANDA_S00334","baseline",14.59,7,"$50, 000 through $74, 999",7,1,14.59,"Y",5,"Caucasian/White",3,"hispanic",2,">50<100",1,1,"High School/GED/AA"
"NCANDA_S00335","baseline",12.47,5,"$25, 000 through $34, 999",7,1,12.47,"N",4,"African-American/Black",2,"black",1,"<50",1,1,"High School/GED/AA"
"NCANDA_S00336","baseline",12.72,9,"$100, 000 through $199, 999",6,5,12.72,"N",5,"Caucasian/White",4,"white",3,">100",6,3,"Post-Graduate Degree"
"NCANDA_S00337","baseline",18.7,10,"$200, 000 and greater",3,6,18.7,"N",5,"Caucasian/White",4,"white",3,">100",6,3,"Post-Graduate Degree"
"NCANDA_S00338","baseline",12.29,2,"$5, 000 through $11, 999",1,NA,12.29,"Y",6,"Caucasian/White",3,"hispanic",1,"<50",1,1,"High School/GED/AA"
"NCANDA_S00339","baseline",14.05,7,"$50, 000 through $74, 999",3,4,14.05,"N",5,"Caucasian/White",4,"white",2,">50<100",4,3,"Post-Graduate Degree"
"NCANDA_S00340","baseline",13.2,9,"$100, 000 through $199, 999",3,3,13.2,"N",5,"Caucasian/White",4,"white",3,">100",3,2,"BA/BS"
"NCANDA_S00341","baseline",12.86,5,"$25, 000 through $34, 999",1,1,12.86,"N",5,"Caucasian/White",4,"white",1,"<50",1,1,"High School/GED/AA"
"NCANDA_S00342","baseline",16.11,9,"$100, 000 through $199, 999",4,NA,16.11,"N",5,"Caucasian/White",4,"white",3,">100",4,3,"Post-Graduate Degree"
"NCANDA_S00343","baseline",16.01,9,"$100, 000 through $199, 999",3,3,16.01,"N",5,"Caucasian/White",4,"white",3,">100",3,2,"BA/BS"
"NCANDA_S00344","baseline",14.28,6,"$35, 000 through $49, 999",3,1,14.28,"N",4,"African-American/Black",2,"black",1,"<50",3,2,"BA/BS"
"NCANDA_S00345","baseline",12.9,11,"Don't know",4,3,12.9,"N",5,"Caucasian/White",4,"white",4,"dk",4,3,"Post-Graduate Degree"
"NCANDA_S00346","baseline",13.12,7,"$50, 000 through $74, 999",2,2,13.12,"Y",5,"Caucasian/White",3,"hispanic",2,">50<100",2,1,"High School/GED/AA"
"NCANDA_S00347","baseline",17.13,6,"$35, 000 through $49, 999",1,NA,17.13,"Y",5,"Caucasian/White",3,"hispanic",1,"<50",1,1,"High School/GED/AA"
"NCANDA_S00349","baseline",15.17,10,"$200, 000 and greater",3,4,15.17,"N",2,"Asian",1,"asian",3,">100",4,3,"Post-Graduate Degree"
"NCANDA_S00350","baseline",NA,NA,"",NA,NA,18.21,"N",5,"Caucasian/White",4,"white",NA,NA,NA,NA,NA
"NCANDA_S00351","baseline",15.81,9,"$100, 000 through $199, 999",3,3,15.81,"N",5,"Caucasian/White",4,"white",3,">100",3,2,"BA/BS"
"NCANDA_S00352","baseline",19.24,10,"$200, 000 and greater",3,3,19.24,"N",5,"Caucasian/White",4,"white",3,">100",3,2,"BA/BS"
"NCANDA_S00353","baseline",16.63,7,"$50, 000 through $74, 999",3,3,16.63,"N",2,"Asian",1,"asian",2,">50<100",3,2,"BA/BS"
"NCANDA_S00354","baseline",13.22,7,"$50, 000 through $74, 999",7,1,13.22,"N",5,"Caucasian/White",4,"white",2,">50<100",1,1,"High School/GED/AA"
"NCANDA_S00355","baseline",18.97,8,"$75, 000 through $99, 999",1,2,18.97,"Y",5,"Caucasian/White",3,"hispanic",2,">50<100",2,1,"High School/GED/AA"
"NCANDA_S00356","baseline",14.99,9,"$100, 000 through $199, 999",3,4,14.99,"N",5,"Caucasian/White",4,"white",3,">100",4,3,"Post-Graduate Degree"
"NCANDA_S00357","baseline",13.2,8,"$75, 000 through $99, 999",4,5,13.2,"N",5,"Caucasian/White",4,"white",2,">50<100",5,3,"Post-Graduate Degree"
"NCANDA_S00358","baseline",19.62,8,"$75, 000 through $99, 999",3,6,19.62,"N",5,"Caucasian/White",4,"white",2,">50<100",6,3,"Post-Graduate Degree"
"NCANDA_S00360","baseline",17.25,10,"$200, 000 and greater",3,3,17.25,"N",5,"Caucasian/White",4,"white",3,">100",3,2,"BA/BS"
"NCANDA_S00361","baseline",17.3,9,"$100, 000 through $199, 999",3,3,17.3,"N",5,"Caucasian/White",4,"white",3,">100",3,2,"BA/BS"
"NCANDA_S00362","baseline",16.47,8,"$75, 000 through $99, 999",1,1,16.47,"N",5,"Caucasian/White",4,"white",2,">50<100",1,1,"High School/GED/AA"
"NCANDA_S00363","baseline",14.94,5,"$25, 000 through $34, 999",3,NA,14.94,"N",5,"Caucasian/White",4,"white",1,"<50",3,2,"BA/BS"
"NCANDA_S00364","baseline",12.14,6,"$35, 000 through $49, 999",3,NA,12.14,"N",5,"Caucasian/White",4,"white",1,"<50",3,2,"BA/BS"
"NCANDA_S00365","baseline",17.23,11,"Don't know",4,4,17.23,"N",5,"Caucasian/White",4,"white",4,"dk",4,3,"Post-Graduate Degree"
"NCANDA_S00366","baseline",19.95,NA,"",NA,NA,19.95,"Y",5,"Caucasian/White",3,"hispanic",NA,NA,NA,NA,NA
"NCANDA_S00367","baseline",15.32,11,"Don't know",4,4,15.32,"N",5,"Caucasian/White",4,"white",4,"dk",4,3,"Post-Graduate Degree"
"NCANDA_S00368","baseline",15.81,4,"$16, 000 through $24, 999",1,8,15.81,"Y",6,"NativeAmerican_Caucasian",3,"hispanic",1,"<50",1,1,"High School/GED/AA"
"NCANDA_S00369","baseline",12.38,4,"$16, 000 through $24, 999",1,8,12.38,"Y",1,"Native American/American Indian",3,"hispanic",1,"<50",1,1,"High School/GED/AA"
"NCANDA_S00370","baseline",14.35,9,"$100, 000 through $199, 999",4,4,14.35,"Y",5,"Caucasian/White",3,"hispanic",3,">100",4,3,"Post-Graduate Degree"
"NCANDA_S00371","baseline",16.74,6,"$35, 000 through $49, 999",4,NA,16.74,"N",2,"Asian",1,"asian",1,"<50",4,3,"Post-Graduate Degree"
"NCANDA_S00372","baseline",16.74,6,"$35, 000 through $49, 999",4,NA,16.74,"N",2,"Asian",1,"asian",1,"<50",4,3,"Post-Graduate Degree"
"NCANDA_S00373","baseline",15.45,7,"$50, 000 through $74, 999",1,NA,15.45,"N",5,"Caucasian/White",4,"white",2,">50<100",1,1,"High School/GED/AA"
"NCANDA_S00374","baseline",12.57,7,"$50, 000 through $74, 999",1,3,12.57,"Y",5,"Caucasian/White",3,"hispanic",2,">50<100",3,2,"BA/BS"
"NCANDA_S00375","baseline",17.18,5,"$25, 000 through $34, 999",7,1,17.18,"N",4,"African-American/Black",2,"black",1,"<50",1,1,"High School/GED/AA"
"NCANDA_S00376","baseline",16.82,4,"$16, 000 through $24, 999",1,8,16.82,"Y",6,"Caucasian/White",3,"hispanic",1,"<50",1,1,"High School/GED/AA"
"NCANDA_S00377","baseline",13.64,8,"$75, 000 through $99, 999",4,4,13.64,"N",6,"Asian_White",5,"other",2,">50<100",4,3,"Post-Graduate Degree"
"NCANDA_S00378","baseline",18.68,9,"$100, 000 through $199, 999",3,4,18.68,"N",5,"Caucasian/White",4,"white",3,">100",4,3,"Post-Graduate Degree"
"NCANDA_S00379","baseline",13.25,9,"$100, 000 through $199, 999",3,6,13.25,"N",5,"Caucasian/White",4,"white",3,">100",6,3,"Post-Graduate Degree"
"NCANDA_S00381","baseline",17.8,6,"$35, 000 through $49, 999",2,1,17.8,"N",4,"African-American/Black",2,"black",1,"<50",2,1,"High School/GED/AA"
"NCANDA_S00382","baseline",18.77,9,"$100, 000 through $199, 999",4,3,18.77,"N",5,"Caucasian/White",4,"white",3,">100",4,3,"Post-Graduate Degree"
"NCANDA_S00383","baseline",18.61,6,"$35, 000 through $49, 999",2,1,18.61,"N",4,"African-American/Black",2,"black",1,"<50",2,1,"High School/GED/AA"
"NCANDA_S00385","baseline",12.45,9,"$100, 000 through $199, 999",4,3,12.45,"N",5,"Caucasian/White",4,"white",3,">100",4,3,"Post-Graduate Degree"
"NCANDA_S00386","baseline",19.95,9,"$100, 000 through $199, 999",3,4,19.95,"N",5,"Caucasian/White",4,"white",3,">100",4,3,"Post-Graduate Degree"
"NCANDA_S00387","baseline",13.41,9,"$100, 000 through $199, 999",3,3,13.41,"N",5,"Caucasian/White",4,"white",3,">100",3,2,"BA/BS"
"NCANDA_S00388","baseline",16.84,9,"$100, 000 through $199, 999",6,4,16.84,"N",5,"Caucasian/White",4,"white",3,">100",6,3,"Post-Graduate Degree"
"NCANDA_S00389","baseline",14.59,10,"$200, 000 and greater",4,3,14.59,"N",6,"Asian_White",5,"other",3,">100",4,3,"Post-Graduate Degree"
"NCANDA_S00390","baseline",16.33,10,"$200, 000 and greater",4,3,16.33,"Y",5,"Caucasian/White",3,"hispanic",3,">100",4,3,"Post-Graduate Degree"
"NCANDA_S00391","baseline",14.17,8,"$75, 000 through $99, 999",3,3,14.17,"N",5,"Caucasian/White",4,"white",2,">50<100",3,2,"BA/BS"
"NCANDA_S00393","baseline",15.83,9,"$100, 000 through $199, 999",1,3,15.83,"N",5,"Caucasian/White",4,"white",3,">100",3,2,"BA/BS"
"NCANDA_S00394","baseline",19.55,8,"$75, 000 through $99, 999",3,3,19.55,"N",5,"Caucasian/White",4,"white",2,">50<100",3,2,"BA/BS"
"NCANDA_S00395","baseline",12.82,8,"$75, 000 through $99, 999",3,3,12.82,"N",5,"Caucasian/White",4,"white",2,">50<100",3,2,"BA/BS"
"NCANDA_S00396","baseline",14.23,9,"$100, 000 through $199, 999",3,4,14.23,"N",6,"African-American/Black",5,"other",3,">100",4,3,"Post-Graduate Degree"
"NCANDA_S00397","baseline",14.94,8,"$75, 000 through $99, 999",3,3,14.94,"N",5,"Caucasian/White",4,"white",2,">50<100",3,2,"BA/BS"
"NCANDA_S00398","baseline",NA,NA,"",NA,NA,18.79,"N",4,"African-American/Black",2,"black",NA,NA,NA,NA,NA
"NCANDA_S00399","baseline",17.94,9,"$100, 000 through $199, 999",3,6,17.94,"N",5,"Caucasian/White",4,"white",3,">100",6,3,"Post-Graduate Degree"
"NCANDA_S00401","baseline",20.06,6,"$35, 000 through $49, 999",2,3,20.06,"N",4,"African-American/Black",2,"black",1,"<50",3,2,"BA/BS"
"NCANDA_S00402","baseline",14.94,10,"$200, 000 and greater",3,3,14.94,"N",5,"Caucasian/White",4,"white",3,">100",3,2,"BA/BS"
"NCANDA_S00403","baseline",17.32,10,"$200, 000 and greater",3,3,17.32,"N",5,"Caucasian/White",4,"white",3,">100",3,2,"BA/BS"
"NCANDA_S00404","baseline",12.08,10,"$200, 000 and greater",6,4,12.08,"N",5,"Caucasian/White",4,"white",3,">100",6,3,"Post-Graduate Degree"
"NCANDA_S00406","baseline",21.04,11,"Don't know",4,NA,21.04,"N",5,"Caucasian/White",4,"white",4,"dk",4,3,"Post-Graduate Degree"
"NCANDA_S00407","baseline",14.51,10,"$200, 000 and greater",5,4,14.51,"N",5,"Caucasian/White",4,"white",3,">100",5,3,"Post-Graduate Degree"
"NCANDA_S00408","baseline",17.97,10,"$200, 000 and greater",3,3,17.97,"N",5,"Caucasian/White",4,"white",3,">100",3,2,"BA/BS"
"NCANDA_S00409","baseline",14.49,7,"$50, 000 through $74, 999",6,7,14.49,"N",5,"Caucasian/White",4,"white",2,">50<100",6,3,"Post-Graduate Degree"
"NCANDA_S00410","baseline",15.84,9,"$100, 000 through $199, 999",3,4,15.84,"N",5,"Caucasian/White",4,"white",3,">100",4,3,"Post-Graduate Degree"
"NCANDA_S00411","baseline",13.44,7,"$50, 000 through $74, 999",8,1,13.44,"Y",5,"Caucasian/White",3,"hispanic",2,">50<100",1,1,"High School/GED/AA"
"NCANDA_S00412","baseline",15.48,9,"$100, 000 through $199, 999",3,NA,15.48,"Y",5,"Caucasian/White",3,"hispanic",3,">100",3,2,"BA/BS"
"NCANDA_S00413","baseline",13.24,8,"$75, 000 through $99, 999",4,3,13.24,"N",4,"African-American/Black",2,"black",2,">50<100",4,3,"Post-Graduate Degree"
"NCANDA_S00414","baseline",13.21,8,"$75, 000 through $99, 999",3,3,13.21,"N",5,"Caucasian/White",4,"white",2,">50<100",3,2,"BA/BS"
"NCANDA_S00415","baseline",13.11,7,"$50, 000 through $74, 999",3,8,13.11,"Y",5,"Caucasian/White",3,"hispanic",2,">50<100",3,2,"BA/BS"
"NCANDA_S00416","baseline",14.1,7,"$50, 000 through $74, 999",1,3,14.1,"N",5,"Caucasian/White",4,"white",2,">50<100",3,2,"BA/BS"
"NCANDA_S00417","baseline",12.86,8,"$75, 000 through $99, 999",2,NA,12.86,"N",1,"Native American/American Indian",5,"other",2,">50<100",2,1,"High School/GED/AA"
"NCANDA_S00419","baseline",13.51,10,"$200, 000 and greater",3,4,13.51,"N",5,"Caucasian/White",4,"white",3,">100",4,3,"Post-Graduate Degree"
"NCANDA_S00420","baseline",NA,NA,"",NA,NA,18.63,"N",5,"Caucasian/White",4,"white",NA,NA,NA,NA,NA
"NCANDA_S00421","baseline",12.7,5,"$25, 000 through $34, 999",8,8,12.7,"Y",6,"Caucasian/White",3,"hispanic",1,"<50",8,4,"Other/None"
"NCANDA_S00422","baseline",17.91,9,"$100, 000 through $199, 999",4,3,17.91,"Y",6,"Asian_White",3,"hispanic",3,">100",4,3,"Post-Graduate Degree"
"NCANDA_S00423","baseline",15.36,5,"$25, 000 through $34, 999",2,NA,15.36,"N",5,"Caucasian/White",4,"white",1,"<50",2,1,"High School/GED/AA"
"NCANDA_S00424","baseline",12.71,8,"$75, 000 through $99, 999",3,1,12.71,"N",5,"Caucasian/White",4,"white",2,">50<100",3,2,"BA/BS"
"NCANDA_S00425","baseline",14.18,9,"$100, 000 through $199, 999",3,3,14.18,"N",6,"Asian_White",5,"other",3,">100",3,2,"BA/BS"
"NCANDA_S00426","baseline",16.5,10,"$200, 000 and greater",5,NA,16.5,"N",5,"Caucasian/White",4,"white",3,">100",5,3,"Post-Graduate Degree"
"NCANDA_S00427","baseline",12.97,11,"Don't know",6,4,12.97,"N",2,"Asian",1,"asian",4,"dk",6,3,"Post-Graduate Degree"
"NCANDA_S00428","baseline",15.84,9,"$100, 000 through $199, 999",3,1,15.84,"N",5,"Caucasian/White",4,"white",3,">100",3,2,"BA/BS"
"NCANDA_S00429","baseline",14.96,9,"$100, 000 through $199, 999",5,5,14.96,"N",5,"Caucasian/White",4,"white",3,">100",5,3,"Post-Graduate Degree"
"NCANDA_S00430","baseline",14.3,8,"$75, 000 through $99, 999",4,3,14.3,"N",5,"Caucasian/White",4,"white",2,">50<100",4,3,"Post-Graduate Degree"
"NCANDA_S00431","baseline",15.7,NA,"",4,4,15.7,"N",6,"Asian_Pacific_Islander",5,"other",NA,NA,4,3,"Post-Graduate Degree"
"NCANDA_S00432","baseline",13.53,10,"$200, 000 and greater",4,5,13.53,"N",5,"Caucasian/White",4,"white",3,">100",5,3,"Post-Graduate Degree"
"NCANDA_S00433","baseline",NA,NA,"",NA,NA,18.29,"Y",6,"Caucasian/White",3,"hispanic",NA,NA,NA,NA,NA
"NCANDA_S00434","baseline",14.52,9,"$100, 000 through $199, 999",3,3,14.52,"N",5,"Caucasian/White",4,"white",3,">100",3,2,"BA/BS"
"NCANDA_S00435","baseline",14.11,8,"$75, 000 through $99, 999",4,4,14.11,"N",5,"Caucasian/White",4,"white",2,">50<100",4,3,"Post-Graduate Degree"
"NCANDA_S00436","baseline",12.82,NA,"",4,4,12.82,"N",2,"Asian",1,"asian",NA,NA,4,3,"Post-Graduate Degree"
"NCANDA_S00437","baseline",20.35,9,"$100, 000 through $199, 999",6,6,20.35,"N",2,"Asian",1,"asian",3,">100",6,3,"Post-Graduate Degree"
"NCANDA_S00438","baseline",17.49,10,"$200, 000 and greater",3,4,17.49,"Y",5,"Caucasian/White",3,"hispanic",3,">100",4,3,"Post-Graduate Degree"
"NCANDA_S00439","baseline",12.18,8,"$75, 000 through $99, 999",4,4,12.18,"N",5,"Caucasian/White",4,"white",2,">50<100",4,3,"Post-Graduate Degree"
"NCANDA_S00442","baseline",19.96,7,"$50, 000 through $74, 999",4,2,19.96,"N",2,"Asian",1,"asian",2,">50<100",4,3,"Post-Graduate Degree"
"NCANDA_S00443","baseline",20.89,9,"$100, 000 through $199, 999",3,3,20.89,"N",2,"Asian",1,"asian",3,">100",3,2,"BA/BS"
"NCANDA_S00444","baseline",13.87,6,"$35, 000 through $49, 999",3,NA,13.87,"N",4,"African-American/Black",2,"black",1,"<50",3,2,"BA/BS"
"NCANDA_S00445","baseline",12.63,8,"$75, 000 through $99, 999",3,4,12.63,"N",5,"Caucasian/White",4,"white",2,">50<100",4,3,"Post-Graduate Degree"
"NCANDA_S00446","baseline",20.58,9,"$100, 000 through $199, 999",4,4,20.58,"N",5,"Caucasian/White",4,"white",3,">100",4,3,"Post-Graduate Degree"
"NCANDA_S00447","baseline",15.26,9,"$100, 000 through $199, 999",4,5,15.26,"N",5,"Caucasian/White",4,"white",3,">100",5,3,"Post-Graduate Degree"
"NCANDA_S00448","baseline",13.86,9,"$100, 000 through $199, 999",4,5,13.86,"N",5,"Caucasian/White",4,"white",3,">100",5,3,"Post-Graduate Degree"
"NCANDA_S00449","baseline",13.59,9,"$100, 000 through $199, 999",6,6,13.59,"N",6,"Asian_White",5,"other",3,">100",6,3,"Post-Graduate Degree"
"NCANDA_S00450","baseline",14.57,5,"$25, 000 through $34, 999",2,NA,14.57,"N",6,"Asian_White",5,"other",1,"<50",2,1,"High School/GED/AA"
"NCANDA_S00451","baseline",12.33,6,"$35, 000 through $49, 999",6,NA,12.33,"Y",5,"Caucasian/White",3,"hispanic",1,"<50",6,3,"Post-Graduate Degree"
"NCANDA_S00452","baseline",13.71,9,"$100, 000 through $199, 999",5,4,13.71,"N",5,"Caucasian/White",4,"white",3,">100",5,3,"Post-Graduate Degree"
"NCANDA_S00453","baseline",19.66,3,"$12, 000 through $15, 999",2,NA,19.66,"N",4,"African-American/Black",2,"black",1,"<50",2,1,"High School/GED/AA"
"NCANDA_S00454","baseline",15.39,9,"$100, 000 through $199, 999",3,3,15.39,"N",5,"Caucasian/White",4,"white",3,">100",3,2,"BA/BS"
"NCANDA_S00455","baseline",20.1,10,"$200, 000 and greater",5,3,20.1,"N",2,"Asian",1,"asian",3,">100",5,3,"Post-Graduate Degree"
"NCANDA_S00456","baseline",15.33,6,"$35, 000 through $49, 999",6,5,15.33,"Y",5,"Caucasian/White",3,"hispanic",1,"<50",6,3,"Post-Graduate Degree"
"NCANDA_S00457","baseline",16.76,9,"$100, 000 through $199, 999",5,5,16.76,"N",5,"Caucasian/White",4,"white",3,">100",5,3,"Post-Graduate Degree"
"NCANDA_S00458","baseline",15.83,8,"$75, 000 through $99, 999",1,2,15.83,"Y",5,"Caucasian/White",3,"hispanic",2,">50<100",2,1,"High School/GED/AA"
"NCANDA_S00459","baseline",15.08,6,"$35, 000 through $49, 999",4,1,15.08,"N",4,"African-American/Black",2,"black",1,"<50",4,3,"Post-Graduate Degree"
"NCANDA_S00460","baseline",13.24,7,"$50, 000 through $74, 999",1,NA,13.24,"N",5,"Caucasian/White",4,"white",2,">50<100",1,1,"High School/GED/AA"
"NCANDA_S00461","baseline",16.95,7,"$50, 000 through $74, 999",1,2,16.95,"N",5,"Caucasian/White",4,"white",2,">50<100",2,1,"High School/GED/AA"
"NCANDA_S00462","baseline",13.2,10,"$200, 000 and greater",3,3,13.2,"N",5,"Caucasian/White",4,"white",3,">100",3,2,"BA/BS"
"NCANDA_S00463","baseline",13.46,9,"$100, 000 through $199, 999",1,3,13.46,"N",2,"Asian",1,"asian",3,">100",3,2,"BA/BS"
"NCANDA_S00464","baseline",19.24,10,"$200, 000 and greater",3,3,19.24,"N",4,"African-American/Black",2,"black",3,">100",3,2,"BA/BS"
"NCANDA_S00465","baseline",15.84,7,"$50, 000 through $74, 999",1,1,15.84,"Y",5,"Caucasian/White",3,"hispanic",2,">50<100",1,1,"High School/GED/AA"
"NCANDA_S00466","baseline",13.45,10,"$200, 000 and greater",4,6,13.45,"Y",6,"Caucasian/White",3,"hispanic",3,">100",6,3,"Post-Graduate Degree"
"NCANDA_S00467","baseline",15.78,7,"$50, 000 through $74, 999",2,NA,15.78,"N",6,"African-American_Caucasian",5,"other",2,">50<100",2,1,"High School/GED/AA"
"NCANDA_S00468","baseline",17.22,7,"$50, 000 through $74, 999",2,NA,17.22,"N",6,"African-American_Caucasian",5,"other",2,">50<100",2,1,"High School/GED/AA"
"NCANDA_S00469","baseline",18.35,8,"$75, 000 through $99, 999",1,NA,18.35,"N",4,"African-American/Black",2,"black",2,">50<100",1,1,"High School/GED/AA"
"NCANDA_S00470","baseline",13.72,10,"$200, 000 and greater",5,4,13.72,"N",5,"Caucasian/White",4,"white",3,">100",5,3,"Post-Graduate Degree"
"NCANDA_S00471","baseline",19.03,8,"$75, 000 through $99, 999",1,3,19.03,"N",5,"Caucasian/White",4,"white",2,">50<100",3,2,"BA/BS"
"NCANDA_S00472","baseline",13.63,8,"$75, 000 through $99, 999",3,4,13.63,"N",5,"Caucasian/White",4,"white",2,">50<100",4,3,"Post-Graduate Degree"
"NCANDA_S00473","baseline",12.89,8,"$75, 000 through $99, 999",4,6,12.89,"N",6,"African-American_Caucasian",5,"other",2,">50<100",6,3,"Post-Graduate Degree"
"NCANDA_S00474","baseline",17.13,7,"$50, 000 through $74, 999",1,1,17.13,"N",5,"Caucasian/White",4,"white",2,">50<100",1,1,"High School/GED/AA"
"NCANDA_S00475","baseline",21.71,7,"$50, 000 through $74, 999",3,2,21.71,"N",5,"Caucasian/White",4,"white",2,">50<100",3,2,"BA/BS"
"NCANDA_S00476","baseline",17.42,10,"$200, 000 and greater",3,5,17.42,"N",5,"Caucasian/White",4,"white",3,">100",5,3,"Post-Graduate Degree"
"NCANDA_S00478","baseline",16.53,2,"$5, 000 through $11, 999",4,8,16.53,"Y",5,"Caucasian/White",3,"hispanic",1,"<50",4,3,"Post-Graduate Degree"
"NCANDA_S00479","baseline",13.04,9,"$100, 000 through $199, 999",4,4,13.04,"N",6,"Asian_White",5,"other",3,">100",4,3,"Post-Graduate Degree"
"NCANDA_S00480","baseline",14.43,8,"$75, 000 through $99, 999",5,NA,14.43,"N",2,"Asian",1,"asian",2,">50<100",5,3,"Post-Graduate Degree"
"NCANDA_S00481","baseline",13.31,8,"$75, 000 through $99, 999",1,1,13.31,"N",5,"Caucasian/White",4,"white",2,">50<100",1,1,"High School/GED/AA"
"NCANDA_S00482","baseline",12.99,9,"$100, 000 through $199, 999",4,3,12.99,"N",5,"Caucasian/White",4,"white",3,">100",4,3,"Post-Graduate Degree"
"NCANDA_S00483","baseline",14.27,8,"$75, 000 through $99, 999",1,1,14.27,"N",5,"Caucasian/White",4,"white",2,">50<100",1,1,"High School/GED/AA"
"NCANDA_S00484","baseline",20.69,7,"$50, 000 through $74, 999",1,3,20.69,"N",5,"Caucasian/White",4,"white",2,">50<100",3,2,"BA/BS"
"NCANDA_S00485","baseline",12.09,7,"$50, 000 through $74, 999",4,NA,12.09,"Y",5,"Caucasian/White",3,"hispanic",2,">50<100",4,3,"Post-Graduate Degree"
"NCANDA_S00486","baseline",12.6,10,"$200, 000 and greater",5,4,12.6,"N",5,"Caucasian/White",4,"white",3,">100",5,3,"Post-Graduate Degree"
"NCANDA_S00487","baseline",12.38,9,"$100, 000 through $199, 999",3,4,12.38,"N",5,"Caucasian/White",4,"white",3,">100",4,3,"Post-Graduate Degree"
"NCANDA_S00488","baseline",14.47,10,"$200, 000 and greater",5,4,14.47,"N",5,"Caucasian/White",4,"white",3,">100",5,3,"Post-Graduate Degree"
"NCANDA_S00489","baseline",16.68,10,"$200, 000 and greater",5,3,16.68,"N",4,"African-American/Black",2,"black",3,">100",5,3,"Post-Graduate Degree"
"NCANDA_S00490","baseline",16.34,10,"$200, 000 and greater",5,6,16.34,"Y",6,"Caucasian/White",3,"hispanic",3,">100",6,3,"Post-Graduate Degree"
"NCANDA_S00491","baseline",14.89,7,"$50, 000 through $74, 999",1,1,14.89,"N",4,"African-American/Black",2,"black",2,">50<100",1,1,"High School/GED/AA"
"NCANDA_S00492","baseline",13.01,7,"$50, 000 through $74, 999",1,1,13.01,"N",6,"Caucasian/White",5,"other",2,">50<100",1,1,"High School/GED/AA"
"NCANDA_S00494","baseline",19.52,6,"$35, 000 through $49, 999",2,3,19.52,"N",5,"Caucasian/White",4,"white",1,"<50",3,2,"BA/BS"
"NCANDA_S00495","baseline",17.99,3,"$12, 000 through $15, 999",2,NA,17.99,"N",4,"African-American/Black",2,"black",1,"<50",2,1,"High School/GED/AA"
"NCANDA_S00496","baseline",17.24,9,"$100, 000 through $199, 999",3,4,17.24,"N",5,"Caucasian/White",4,"white",3,">100",4,3,"Post-Graduate Degree"
"NCANDA_S00497","baseline",13.85,7,"$50, 000 through $74, 999",4,3,13.85,"N",5,"Caucasian/White",4,"white",2,">50<100",4,3,"Post-Graduate Degree"
"NCANDA_S00498","baseline",NA,NA,"",NA,NA,19.72,"N",2,"Asian",1,"asian",NA,NA,NA,NA,NA
"NCANDA_S00499","baseline",12.06,7,"$50, 000 through $74, 999",4,3,12.06,"N",5,"Caucasian/White",4,"white",2,">50<100",4,3,"Post-Graduate Degree"
"NCANDA_S00500","baseline",20.53,9,"$100, 000 through $199, 999",3,4,20.53,"N",5,"Caucasian/White",4,"white",3,">100",4,3,"Post-Graduate Degree"
"NCANDA_S00501","baseline",13.76,10,"$200, 000 and greater",3,5,13.76,"N",5,"Caucasian/White",4,"white",3,">100",5,3,"Post-Graduate Degree"
"NCANDA_S00502","baseline",15.74,4,"$16, 000 through $24, 999",2,1,15.74,"Y",5,"Caucasian/White",3,"hispanic",1,"<50",2,1,"High School/GED/AA"
"NCANDA_S00503","baseline",15.66,10,"$200, 000 and greater",4,3,15.66,"N",5,"Caucasian/White",4,"white",3,">100",4,3,"Post-Graduate Degree"
"NCANDA_S00504","baseline",12.78,11,"Don't know",3,4,12.78,"N",2,"Asian",1,"asian",4,"dk",4,3,"Post-Graduate Degree"
"NCANDA_S00505","baseline",16.84,8,"$75, 000 through $99, 999",4,5,16.84,"N",6,"Asian_White",5,"other",2,">50<100",5,3,"Post-Graduate Degree"
"NCANDA_S00506","baseline",19.08,9,"$100, 000 through $199, 999",1,3,19.08,"N",5,"Caucasian/White",4,"white",3,">100",3,2,"BA/BS"
"NCANDA_S00507","baseline",21.96,8,"$75, 000 through $99, 999",4,4,21.96,"N",5,"Caucasian/White",4,"white",2,">50<100",4,3,"Post-Graduate Degree"
"NCANDA_S00508","baseline",14.54,9,"$100, 000 through $199, 999",4,4,14.54,"N",5,"Caucasian/White",4,"white",3,">100",4,3,"Post-Graduate Degree"
"NCANDA_S00509","baseline",17.57,9,"$100, 000 through $199, 999",3,4,17.57,"N",5,"Caucasian/White",4,"white",3,">100",4,3,"Post-Graduate Degree"
"NCANDA_S00510","baseline",17.56,8,"$75, 000 through $99, 999",3,3,17.56,"N",5,"Caucasian/White",4,"white",2,">50<100",3,2,"BA/BS"
"NCANDA_S00511","baseline",15.14,8,"$75, 000 through $99, 999",1,NA,15.14,"N",4,"African-American/Black",2,"black",2,">50<100",1,1,"High School/GED/AA"
"NCANDA_S00512","baseline",20.72,10,"$200, 000 and greater",3,1,20.72,"N",5,"Caucasian/White",4,"white",3,">100",3,2,"BA/BS"
"NCANDA_S00513","baseline",13.85,10,"$200, 000 and greater",6,4,13.85,"N",5,"Caucasian/White",4,"white",3,">100",6,3,"Post-Graduate Degree"
"NCANDA_S00514","baseline",12.32,9,"$100, 000 through $199, 999",4,4,12.32,"N",5,"Caucasian/White",4,"white",3,">100",4,3,"Post-Graduate Degree"
"NCANDA_S00515","baseline",16.81,9,"$100, 000 through $199, 999",4,4,16.81,"N",5,"Caucasian/White",4,"white",3,">100",4,3,"Post-Graduate Degree"
"NCANDA_S00516","baseline",16.1,6,"$35, 000 through $49, 999",2,2,16.1,"N",6,"Asian_White",5,"other",1,"<50",2,1,"High School/GED/AA"
"NCANDA_S00517","baseline",17.44,9,"$100, 000 through $199, 999",4,3,17.44,"N",5,"Caucasian/White",4,"white",3,">100",4,3,"Post-Graduate Degree"
"NCANDA_S00518","baseline",NA,NA,"",NA,NA,18.17,"N",6,"Asian",5,"other",NA,NA,NA,NA,NA
"NCANDA_S00519","baseline",14.82,7,"$50, 000 through $74, 999",3,1,14.82,"N",6,"African-American/Black",5,"other",2,">50<100",3,2,"BA/BS"
"NCANDA_S00520","baseline",NA,NA,"",NA,NA,21.53,"N",5,"Caucasian/White",4,"white",NA,NA,NA,NA,NA
"NCANDA_S00522","baseline",21.51,5,"$25, 000 through $34, 999",7,4,21.51,"N",5,"Caucasian/White",4,"white",1,"<50",4,3,"Post-Graduate Degree"
"NCANDA_S00524","baseline",NA,NA,"",NA,NA,18.34,"N",5,"Caucasian/White",4,"white",NA,NA,NA,NA,NA
"NCANDA_S00525","baseline",19.79,NA,"",NA,NA,19.79,"N",5,"Caucasian/White",4,"white",NA,NA,NA,NA,NA
"NCANDA_S00526","baseline",21.18,NA,"",NA,NA,21.18,"N",6,"Caucasian/White",5,"other",NA,NA,NA,NA,NA
"NCANDA_S00527","baseline",21.08,9,"$100, 000 through $199, 999",4,4,21.08,"N",5,"Caucasian/White",4,"white",3,">100",4,3,"Post-Graduate Degree"
"NCANDA_S00528","baseline",16.08,8,"$75, 000 through $99, 999",3,2,16.08,"N",5,"Caucasian/White",4,"white",2,">50<100",3,2,"BA/BS"
"NCANDA_S00529","baseline",15.74,9,"$100, 000 through $199, 999",3,4,15.74,"N",5,"Caucasian/White",4,"white",3,">100",4,3,"Post-Graduate Degree"
"NCANDA_S00530","baseline",15.67,8,"$75, 000 through $99, 999",4,3,15.67,"N",5,"Caucasian/White",4,"white",2,">50<100",4,3,"Post-Graduate Degree"
"NCANDA_S00531","baseline",13.69,9,"$100, 000 through $199, 999",3,4,13.69,"N",5,"Caucasian/White",4,"white",3,">100",4,3,"Post-Graduate Degree"
"NCANDA_S00532","baseline",16.41,8,"$75, 000 through $99, 999",4,4,16.41,"N",5,"Caucasian/White",4,"white",2,">50<100",4,3,"Post-Graduate Degree"
"NCANDA_S00534","baseline",17.11,10,"$200, 000 and greater",5,6,17.11,"N",5,"Caucasian/White",4,"white",3,">100",6,3,"Post-Graduate Degree"
"NCANDA_S00535","baseline",18.87,6,"$35, 000 through $49, 999",2,1,18.87,"N",4,"African-American/Black",2,"black",1,"<50",2,1,"High School/GED/AA"
"NCANDA_S00536","baseline",20.4,7,"$50, 000 through $74, 999",1,NA,20.4,"Y",5,"Caucasian/White",3,"hispanic",2,">50<100",1,1,"High School/GED/AA"
"NCANDA_S00537","baseline",21.55,7,"$50, 000 through $74, 999",1,NA,21.55,"Y",5,"Caucasian/White",3,"hispanic",2,">50<100",1,1,"High School/GED/AA"
"NCANDA_S00538","baseline",14.48,10,"$200, 000 and greater",5,5,14.48,"N",5,"Caucasian/White",4,"white",3,">100",5,3,"Post-Graduate Degree"
"NCANDA_S00539","baseline",16.29,9,"$100, 000 through $199, 999",2,3,16.29,"N",5,"Caucasian/White",4,"white",3,">100",3,2,"BA/BS"
"NCANDA_S00540","baseline",16.72,1,"Less than $5, 000",1,1,16.72,"N",5,"Caucasian/White",4,"white",1,"<50",1,1,"High School/GED/AA"
"NCANDA_S00541","baseline",17.25,11,"Don't know",4,6,17.25,"N",5,"Caucasian/White",4,"white",4,"dk",6,3,"Post-Graduate Degree"
"NCANDA_S00543","baseline",NA,NA,"",NA,NA,19.87,"N",5,"Caucasian/White",4,"white",NA,NA,NA,NA,NA
"NCANDA_S00544","baseline",15.88,9,"$100, 000 through $199, 999",2,3,15.88,"N",5,"Caucasian/White",4,"white",3,">100",3,2,"BA/BS"
"NCANDA_S00545","baseline",13.23,9,"$100, 000 through $199, 999",2,3,13.23,"N",5,"Caucasian/White",4,"white",3,">100",3,2,"BA/BS"
"NCANDA_S00546","baseline",19.8,9,"$100, 000 through $199, 999",4,3,19.8,"N",2,"Asian",1,"asian",3,">100",4,3,"Post-Graduate Degree"
"NCANDA_S00547","baseline",NA,NA,"",NA,NA,20.35,"N",5,"Caucasian/White",4,"white",NA,NA,NA,NA,NA
"NCANDA_S00548","baseline",15.23,6,"$35, 000 through $49, 999",4,7,15.23,"N",4,"African-American/Black",2,"black",1,"<50",4,3,"Post-Graduate Degree"
"NCANDA_S00549","baseline",12.7,5,"$25, 000 through $34, 999",7,NA,12.7,"N",4,"African-American/Black",2,"black",1,"<50",7,4,"Other/None"
"NCANDA_S00550","baseline",15.34,5,"$25, 000 through $34, 999",7,NA,15.34,"N",4,"African-American/Black",2,"black",1,"<50",7,4,"Other/None"
"NCANDA_S00551","baseline",14.28,5,"$25, 000 through $34, 999",7,NA,14.28,"N",4,"African-American/Black",2,"black",1,"<50",7,4,"Other/None"
"NCANDA_S00552","baseline",17.83,5,"$25, 000 through $34, 999",7,NA,17.83,"N",4,"African-American/Black",2,"black",1,"<50",7,4,"Other/None"
"NCANDA_S00553","baseline",12.91,5,"$25, 000 through $34, 999",1,1,12.91,"N",4,"African-American/Black",2,"black",1,"<50",1,1,"High School/GED/AA"
"NCANDA_S00554","baseline",13.03,5,"$25, 000 through $34, 999",2,NA,13.03,"N",4,"African-American/Black",2,"black",1,"<50",2,1,"High School/GED/AA"
"NCANDA_S00555","baseline",14.66,10,"$200, 000 and greater",3,1,14.66,"N",5,"Caucasian/White",4,"white",3,">100",3,2,"BA/BS"
"NCANDA_S00556","baseline",15.94,10,"$200, 000 and greater",3,1,15.94,"N",5,"Caucasian/White",4,"white",3,">100",3,2,"BA/BS"
"NCANDA_S00557","baseline",13.76,10,"$200, 000 and greater",3,4,13.76,"N",1,"Native American/American Indian",5,"other",3,">100",4,3,"Post-Graduate Degree"
"NCANDA_S00558","baseline",16.62,10,"$200, 000 and greater",3,4,16.62,"N",2,"Asian",1,"asian",3,">100",4,3,"Post-Graduate Degree"
"NCANDA_S00559","baseline",14.36,7,"$50, 000 through $74, 999",3,3,14.36,"N",4,"African-American/Black",2,"black",2,">50<100",3,2,"BA/BS"
"NCANDA_S00560","baseline",21.32,8,"$75, 000 through $99, 999",1,4,21.32,"N",5,"Caucasian/White",4,"white",2,">50<100",4,3,"Post-Graduate Degree"
"NCANDA_S00561","baseline",15.85,5,"$25, 000 through $34, 999",2,NA,15.85,"N",4,"African-American/Black",2,"black",1,"<50",2,1,"High School/GED/AA"
"NCANDA_S00562","baseline",15.41,11,"Don't know",1,3,15.41,"N",5,"Caucasian/White",4,"white",4,"dk",3,2,"BA/BS"
"NCANDA_S00563","baseline",15.11,7,"$50, 000 through $74, 999",4,2,15.11,"N",5,"Caucasian/White",4,"white",2,">50<100",4,3,"Post-Graduate Degree"
"NCANDA_S00564","baseline",19.67,NA,"",NA,NA,19.67,"N",5,"Caucasian/White",4,"white",NA,NA,NA,NA,NA
"NCANDA_S00565","baseline",20.04,9,"$100, 000 through $199, 999",4,3,20.04,"N",5,"Caucasian/White",4,"white",3,">100",4,3,"Post-Graduate Degree"
"NCANDA_S00566","baseline",17.94,8,"$75, 000 through $99, 999",1,1,17.94,"N",5,"Caucasian/White",4,"white",2,">50<100",1,1,"High School/GED/AA"
"NCANDA_S00568","baseline",NA,NA,"",NA,NA,13.22,"N",5,"Caucasian/White",4,"white",NA,NA,NA,NA,NA
"NCANDA_S00569","baseline",14.23,10,"$200, 000 and greater",4,4,14.23,"N",6,"Asian_White",5,"other",3,">100",4,3,"Post-Graduate Degree"
"NCANDA_S00570","baseline",19.7,10,"$200, 000 and greater",6,6,19.7,"N",5,"Caucasian/White",4,"white",3,">100",6,3,"Post-Graduate Degree"
"NCANDA_S00571","baseline",17.2,9,"$100, 000 through $199, 999",3,3,17.2,"N",5,"Caucasian/White",4,"white",3,">100",3,2,"BA/BS"
"NCANDA_S00572","baseline",19.67,NA,"",NA,NA,19.67,"N",5,"Caucasian/White",4,"white",NA,NA,NA,NA,NA
"NCANDA_S00573","baseline",19.22,10,"$200, 000 and greater",3,3,19.22,"N",5,"Caucasian/White",4,"white",3,">100",3,2,"BA/BS"
"NCANDA_S00574","baseline",13.26,8,"$75, 000 through $99, 999",1,2,13.26,"N",5,"Caucasian/White",4,"white",2,">50<100",2,1,"High School/GED/AA"
"NCANDA_S00575","baseline",16.69,8,"$75, 000 through $99, 999",4,2,16.69,"N",5,"Caucasian/White",4,"white",2,">50<100",4,3,"Post-Graduate Degree"
"NCANDA_S00576","baseline",17.61,7,"$50, 000 through $74, 999",3,3,17.61,"N",5,"Caucasian/White",4,"white",2,">50<100",3,2,"BA/BS"
"NCANDA_S00577","baseline",12.91,8,"$75, 000 through $99, 999",3,4,12.91,"N",2,"Asian",1,"asian",2,">50<100",4,3,"Post-Graduate Degree"
"NCANDA_S00578","baseline",17.37,9,"$100, 000 through $199, 999",3,3,17.37,"N",5,"Caucasian/White",4,"white",3,">100",3,2,"BA/BS"
"NCANDA_S00579","baseline",18.52,9,"$100, 000 through $199, 999",4,1,18.52,"N",5,"Caucasian/White",4,"white",3,">100",4,3,"Post-Graduate Degree"
"NCANDA_S00580","baseline",20.16,7,"$50, 000 through $74, 999",7,NA,20.16,"N",4,"African-American/Black",2,"black",2,">50<100",7,4,"Other/None"
"NCANDA_S00581","baseline",NA,NA,"",NA,NA,20.79,"N",4,"African-American/Black",2,"black",NA,NA,NA,NA,NA
"NCANDA_S00582","baseline",16.9,10,"$200, 000 and greater",4,3,16.9,"N",4,"African-American/Black",2,"black",3,">100",4,3,"Post-Graduate Degree"
"NCANDA_S00583","baseline",14.65,7,"$50, 000 through $74, 999",5,3,14.65,"N",5,"Caucasian/White",4,"white",2,">50<100",5,3,"Post-Graduate Degree"
"NCANDA_S00584","baseline",14.45,9,"$100, 000 through $199, 999",4,3,14.45,"N",5,"Caucasian/White",4,"white",3,">100",4,3,"Post-Graduate Degree"
"NCANDA_S00585","baseline",17.14,9,"$100, 000 through $199, 999",4,3,17.14,"N",5,"Caucasian/White",4,"white",3,">100",4,3,"Post-Graduate Degree"
"NCANDA_S00586","baseline",16.21,10,"$200, 000 and greater",6,6,16.21,"N",5,"Caucasian/White",4,"white",3,">100",6,3,"Post-Graduate Degree"
"NCANDA_S00587","baseline",14.68,9,"$100, 000 through $199, 999",3,3,14.68,"Y",6,"Caucasian/White",3,"hispanic",3,">100",3,2,"BA/BS"
"NCANDA_S00590","baseline",12.27,9,"$100, 000 through $199, 999",3,3,12.27,"N",5,"Caucasian/White",4,"white",3,">100",3,2,"BA/BS"
"NCANDA_S00591","baseline",15.56,5,"$25, 000 through $34, 999",3,4,15.56,"N",5,"Caucasian/White",4,"white",1,"<50",4,3,"Post-Graduate Degree"
"NCANDA_S00592","baseline",20.67,9,"$100, 000 through $199, 999",4,2,20.67,"N",5,"Caucasian/White",4,"white",3,">100",4,3,"Post-Graduate Degree"
"NCANDA_S00593","baseline",18.14,5,"$25, 000 through $34, 999",3,4,18.14,"N",5,"Caucasian/White",4,"white",1,"<50",4,3,"Post-Graduate Degree"
"NCANDA_S00594","baseline",18.77,NA,"",NA,NA,18.77,"N",5,"Caucasian/White",4,"white",NA,NA,NA,NA,NA
"NCANDA_S00595","baseline",16.89,10,"$200, 000 and greater",3,3,16.89,"N",5,"Caucasian/White",4,"white",3,">100",3,2,"BA/BS"
"NCANDA_S00597","baseline",NA,NA,"",NA,NA,21.61,"N",5,"Caucasian/White",4,"white",NA,NA,NA,NA,NA
"NCANDA_S00598","baseline",13.13,10,"$200, 000 and greater",4,7,13.13,"Y",5,"Caucasian/White",3,"hispanic",3,">100",4,3,"Post-Graduate Degree"
"NCANDA_S00599","baseline",15.49,9,"$100, 000 through $199, 999",3,3,15.49,"N",5,"Caucasian/White",4,"white",3,">100",3,2,"BA/BS"
"NCANDA_S00600","baseline",19.89,8,"$75, 000 through $99, 999",4,4,19.89,"N",5,"Caucasian/White",4,"white",2,">50<100",4,3,"Post-Graduate Degree"
"NCANDA_S00601","baseline",18.43,8,"$75, 000 through $99, 999",3,3,18.43,"N",5,"Caucasian/White",4,"white",2,">50<100",3,2,"BA/BS"
"NCANDA_S00602","baseline",20.51,10,"$200, 000 and greater",2,NA,20.51,"N",5,"Caucasian/White",4,"white",3,">100",2,1,"High School/GED/AA"
"NCANDA_S00603","baseline",20.52,9,"$100, 000 through $199, 999",3,4,20.52,"N",5,"Caucasian/White",4,"white",3,">100",4,3,"Post-Graduate Degree"
"NCANDA_S00604","baseline",16.89,10,"$200, 000 and greater",5,3,16.89,"N",5,"Caucasian/White",4,"white",3,">100",5,3,"Post-Graduate Degree"
"NCANDA_S00605","baseline",13.77,10,"$200, 000 and greater",4,6,13.77,"N",2,"Asian",1,"asian",3,">100",6,3,"Post-Graduate Degree"
"NCANDA_S00606","baseline",16.28,10,"$200, 000 and greater",3,1,16.28,"N",5,"Caucasian/White",4,"white",3,">100",3,2,"BA/BS"
"NCANDA_S00607","baseline",15.4,10,"$200, 000 and greater",4,6,15.4,"N",5,"Caucasian/White",4,"white",3,">100",6,3,"Post-Graduate Degree"
"NCANDA_S00608","baseline",14.31,4,"$16, 000 through $24, 999",7,NA,14.31,"N",4,"African-American/Black",2,"black",1,"<50",7,4,"Other/None"
"NCANDA_S00609","baseline",16.48,4,"$16, 000 through $24, 999",7,NA,16.48,"N",4,"African-American/Black",2,"black",1,"<50",7,4,"Other/None"
"NCANDA_S00611","baseline",13.48,9,"$100, 000 through $199, 999",4,4,13.48,"N",5,"Caucasian/White",4,"white",3,">100",4,3,"Post-Graduate Degree"
"NCANDA_S00612","baseline",21.37,NA,"",NA,NA,21.37,"N",5,"Caucasian/White",4,"white",NA,NA,NA,NA,NA
"NCANDA_S00613","baseline",17.49,9,"$100, 000 through $199, 999",3,3,17.49,"N",5,"Caucasian/White",4,"white",3,">100",3,2,"BA/BS"
"NCANDA_S00614","baseline",20.79,10,"$200, 000 and greater",3,3,20.79,"N",5,"Caucasian/White",4,"white",3,">100",3,2,"BA/BS"
"NCANDA_S00615","baseline",16.78,9,"$100, 000 through $199, 999",3,5,16.78,"N",5,"Caucasian/White",4,"white",3,">100",5,3,"Post-Graduate Degree"
"NCANDA_S00616","baseline",15.91,10,"$200, 000 and greater",2,2,15.91,"Y",5,"Caucasian/White",3,"hispanic",3,">100",2,1,"High School/GED/AA"
"NCANDA_S00617","baseline",13.4,9,"$100, 000 through $199, 999",2,3,13.4,"Y",5,"Caucasian/White",3,"hispanic",3,">100",3,2,"BA/BS"
"NCANDA_S00618","baseline",17.98,4,"$16, 000 through $24, 999",2,2,17.98,"N",4,"African-American/Black",2,"black",1,"<50",2,1,"High School/GED/AA"
"NCANDA_S00619","baseline",13.35,11,"Don't know",3,4,13.35,"N",5,"Caucasian/White",4,"white",4,"dk",4,3,"Post-Graduate Degree"
"NCANDA_S00620","baseline",13.73,8,"$75, 000 through $99, 999",3,4,13.73,"N",5,"Caucasian/White",4,"white",2,">50<100",4,3,"Post-Graduate Degree"
"NCANDA_S00622","baseline",13.78,10,"$200, 000 and greater",4,NA,13.78,"N",5,"Caucasian/White",4,"white",3,">100",4,3,"Post-Graduate Degree"
"NCANDA_S00623","baseline",15.13,10,"$200, 000 and greater",3,3,15.13,"Y",2,"Asian",3,"hispanic",3,">100",3,2,"BA/BS"
"NCANDA_S00624","baseline",14.09,9,"$100, 000 through $199, 999",4,3,14.09,"N",5,"Caucasian/White",4,"white",3,">100",4,3,"Post-Graduate Degree"
"NCANDA_S00625","baseline",15.35,10,"$200, 000 and greater",3,5,15.35,"Y",6,"Caucasian/White",3,"hispanic",3,">100",5,3,"Post-Graduate Degree"
"NCANDA_S00626","baseline",12.29,8,"$75, 000 through $99, 999",3,3,12.29,"N",5,"Caucasian/White",4,"white",2,">50<100",3,2,"BA/BS"
"NCANDA_S00627","baseline",13.95,9,"$100, 000 through $199, 999",2,3,13.95,"N",5,"Caucasian/White",4,"white",3,">100",3,2,"BA/BS"
"NCANDA_S00628","baseline",16.98,9,"$100, 000 through $199, 999",4,2,16.98,"N",2,"Asian",1,"asian",3,">100",4,3,"Post-Graduate Degree"
"NCANDA_S00629","baseline",15.33,9,"$100, 000 through $199, 999",3,5,15.33,"N",5,"Caucasian/White",4,"white",3,">100",5,3,"Post-Graduate Degree"
"NCANDA_S00630","baseline",21.14,8,"$75, 000 through $99, 999",3,3,21.14,"N",5,"Caucasian/White",4,"white",2,">50<100",3,2,"BA/BS"
"NCANDA_S00631","baseline",21.49,6,"$35, 000 through $49, 999",8,1,21.49,"Y",5,"Caucasian/White",3,"hispanic",1,"<50",1,1,"High School/GED/AA"
"NCANDA_S00632","baseline",14.58,NA,"",3,4,14.58,"N",5,"Caucasian/White",4,"white",NA,NA,4,3,"Post-Graduate Degree"
"NCANDA_S00633","baseline",15.02,10,"$200, 000 and greater",3,3,15.02,"N",5,"Caucasian/White",4,"white",3,">100",3,2,"BA/BS"
"NCANDA_S00634","baseline",15.02,10,"$200, 000 and greater",3,3,15.02,"N",5,"Caucasian/White",4,"white",3,">100",3,2,"BA/BS"
"NCANDA_S00635","baseline",12.93,8,"$75, 000 through $99, 999",4,NA,12.93,"N",6,"African-American_Caucasian",5,"other",2,">50<100",4,3,"Post-Graduate Degree"
"NCANDA_S00636","baseline",NA,NA,"",NA,NA,18.47,"N",5,"Caucasian/White",4,"white",NA,NA,NA,NA,NA
"NCANDA_S00637","baseline",13.27,9,"$100, 000 through $199, 999",3,4,13.27,"N",5,"Caucasian/White",4,"white",3,">100",4,3,"Post-Graduate Degree"
"NCANDA_S00638","baseline",13.35,5,"$25, 000 through $34, 999",2,1,13.35,"N",4,"African-American/Black",2,"black",1,"<50",2,1,"High School/GED/AA"
"NCANDA_S00639","baseline",14.85,8,"$75, 000 through $99, 999",3,3,14.85,"N",5,"Caucasian/White",4,"white",2,">50<100",3,2,"BA/BS"
"NCANDA_S00640","baseline",15.76,7,"$50, 000 through $74, 999",1,3,15.76,"N",5,"Caucasian/White",4,"white",2,">50<100",3,2,"BA/BS"
"NCANDA_S00641","baseline",16.39,7,"$50, 000 through $74, 999",3,5,16.39,"N",5,"Caucasian/White",4,"white",2,">50<100",5,3,"Post-Graduate Degree"
"NCANDA_S00642","baseline",12.33,9,"$100, 000 through $199, 999",3,3,12.33,"N",6,"NativeAmerican_Caucasian",5,"other",3,">100",3,2,"BA/BS"
"NCANDA_S00643","baseline",12,8,"$75, 000 through $99, 999",3,3,12,"Y",6,"Pacific_Islander_Caucasian",3,"hispanic",2,">50<100",3,2,"BA/BS"
"NCANDA_S00644","baseline",12.98,10,"$200, 000 and greater",3,6,12.98,"N",5,"Caucasian/White",4,"white",3,">100",6,3,"Post-Graduate Degree"
"NCANDA_S00645","baseline",13.83,9,"$100, 000 through $199, 999",3,3,13.83,"N",4,"African-American/Black",2,"black",3,">100",3,2,"BA/BS"
"NCANDA_S00646","baseline",12.56,11,"Don't know",4,4,12.56,"N",5,"Caucasian/White",4,"white",4,"dk",4,3,"Post-Graduate Degree"
"NCANDA_S00647","baseline",17,9,"$100, 000 through $199, 999",3,3,17,"N",4,"African-American/Black",2,"black",3,">100",3,2,"BA/BS"
"NCANDA_S00648","baseline",20.67,4,"$16, 000 through $24, 999",1,NA,20.67,"N",5,"Caucasian/White",4,"white",1,"<50",1,1,"High School/GED/AA"
"NCANDA_S00649","baseline",16.68,10,"$200, 000 and greater",3,4,16.68,"N",6,"",5,"other",3,">100",4,3,"Post-Graduate Degree"
"NCANDA_S00651","baseline",17.92,6,"$35, 000 through $49, 999",3,4,17.92,"N",5,"Caucasian/White",4,"white",1,"<50",4,3,"Post-Graduate Degree"
"NCANDA_S00652","baseline",17.82,10,"$200, 000 and greater",3,3,17.82,"N",5,"Caucasian/White",4,"white",3,">100",3,2,"BA/BS"
"NCANDA_S00653","baseline",12.99,7,"$50, 000 through $74, 999",7,7,12.99,"N",6,"Caucasian/White",5,"other",2,">50<100",8,4,"Other/None"
"NCANDA_S00654","baseline",13.37,8,"$75, 000 through $99, 999",2,1,13.37,"N",5,"Caucasian/White",4,"white",2,">50<100",2,1,"High School/GED/AA"
"NCANDA_S00655","baseline",14.99,9,"$100, 000 through $199, 999",3,4,14.99,"N",5,"Caucasian/White",4,"white",3,">100",4,3,"Post-Graduate Degree"
"NCANDA_S00656","baseline",15.79,6,"$35, 000 through $49, 999",3,3,15.79,"N",5,"Caucasian/White",4,"white",1,"<50",3,2,"BA/BS"
"NCANDA_S00657","baseline",12.92,7,"$50, 000 through $74, 999",4,3,12.92,"Y",5,"Caucasian/White",3,"hispanic",2,">50<100",4,3,"Post-Graduate Degree"
"NCANDA_S00658","baseline",13.38,9,"$100, 000 through $199, 999",4,3,13.38,"N",4,"African-American/Black",2,"black",3,">100",4,3,"Post-Graduate Degree"
"NCANDA_S00659","baseline",14.37,9,"$100, 000 through $199, 999",4,6,14.37,"N",5,"Caucasian/White",4,"white",3,">100",6,3,"Post-Graduate Degree"
"NCANDA_S00660","baseline",NA,NA,"",NA,NA,18.48,"N",2,"Asian",1,"asian",NA,NA,NA,NA,NA
"NCANDA_S00661","baseline",17.08,8,"$75, 000 through $99, 999",4,NA,17.08,"N",4,"African-American/Black",2,"black",2,">50<100",4,3,"Post-Graduate Degree"
"NCANDA_S00662","baseline",12.65,9,"$100, 000 through $199, 999",3,4,12.65,"N",5,"Caucasian/White",4,"white",3,">100",4,3,"Post-Graduate Degree"
"NCANDA_S00663","baseline",17.17,10,"$200, 000 and greater",4,1,17.17,"N",5,"Caucasian/White",4,"white",3,">100",4,3,"Post-Graduate Degree"
"NCANDA_S00664","baseline",15.1,10,"$200, 000 and greater",3,5,15.1,"N",5,"Caucasian/White",4,"white",3,">100",5,3,"Post-Graduate Degree"
"NCANDA_S00665","baseline",14.62,10,"$200, 000 and greater",3,4,14.62,"N",5,"Caucasian/White",4,"white",3,">100",4,3,"Post-Graduate Degree"
"NCANDA_S00666","baseline",14.16,8,"$75, 000 through $99, 999",4,4,14.16,"N",5,"Caucasian/White",4,"white",2,">50<100",4,3,"Post-Graduate Degree"
"NCANDA_S00668","baseline",15.32,9,"$100, 000 through $199, 999",4,4,15.32,"N",6,"African-American_Caucasian",5,"other",3,">100",4,3,"Post-Graduate Degree"
"NCANDA_S00669","baseline",18.33,NA,"",NA,NA,18.33,"N",3,"Pacific Islander",5,"other",NA,NA,NA,NA,NA
"NCANDA_S00670","baseline",12.36,10,"$200, 000 and greater",3,4,12.36,"Y",5,"Caucasian/White",3,"hispanic",3,">100",4,3,"Post-Graduate Degree"
"NCANDA_S00671","baseline",14.59,6,"$35, 000 through $49, 999",3,2,14.59,"N",6,"African-American_Caucasian",5,"other",1,"<50",3,2,"BA/BS"
"NCANDA_S00672","baseline",18.36,9,"$100, 000 through $199, 999",3,4,18.36,"N",5,"Caucasian/White",4,"white",3,">100",4,3,"Post-Graduate Degree"
"NCANDA_S00673","baseline",15.44,9,"$100, 000 through $199, 999",3,4,15.44,"N",5,"Caucasian/White",4,"white",3,">100",4,3,"Post-Graduate Degree"
"NCANDA_S00674","baseline",14.31,8,"$75, 000 through $99, 999",2,NA,14.31,"N",2,"Asian",1,"asian",2,">50<100",2,1,"High School/GED/AA"
"NCANDA_S00675","baseline",12.17,9,"$100, 000 through $199, 999",5,6,12.17,"Y",6,"Caucasian/White",3,"hispanic",3,">100",6,3,"Post-Graduate Degree"
"NCANDA_S00676","baseline",14.49,9,"$100, 000 through $199, 999",3,3,14.49,"N",5,"Caucasian/White",4,"white",3,">100",3,2,"BA/BS"
"NCANDA_S00677","baseline",13.22,10,"$200, 000 and greater",4,4,13.22,"N",6,"Asian_White",5,"other",3,">100",4,3,"Post-Graduate Degree"
"NCANDA_S00678","baseline",15.36,10,"$200, 000 and greater",3,6,15.36,"N",5,"Caucasian/White",4,"white",3,">100",6,3,"Post-Graduate Degree"
"NCANDA_S00679","baseline",14.22,8,"$75, 000 through $99, 999",3,3,14.22,"N",5,"Caucasian/White",4,"white",2,">50<100",3,2,"BA/BS"
"NCANDA_S00680","baseline",12.35,9,"$100, 000 through $199, 999",5,3,12.35,"N",5,"Caucasian/White",4,"white",3,">100",5,3,"Post-Graduate Degree"
"NCANDA_S00684","baseline",13.05,10,"$200, 000 and greater",4,4,13.05,"N",5,"Caucasian/White",4,"white",3,">100",4,3,"Post-Graduate Degree"
"NCANDA_S00685","baseline",12.39,4,"$16, 000 through $24, 999",1,8,12.39,"Y",6,"Caucasian/White",3,"hispanic",1,"<50",1,1,"High School/GED/AA"
"NCANDA_S00686","baseline",17.02,8,"$75, 000 through $99, 999",3,3,17.02,"N",4,"African-American/Black",2,"black",2,">50<100",3,2,"BA/BS"
"NCANDA_S00687","baseline",21.37,8,"$75, 000 through $99, 999",3,1,21.37,"N",5,"Caucasian/White",4,"white",2,">50<100",3,2,"BA/BS"
"NCANDA_S00688","baseline",20.4,9,"$100, 000 through $199, 999",4,3,20.4,"N",5,"Caucasian/White",4,"white",3,">100",4,3,"Post-Graduate Degree"
"NCANDA_S00689","baseline",15.47,10,"$200, 000 and greater",4,2,15.47,"N",2,"Asian",1,"asian",3,">100",4,3,"Post-Graduate Degree"
"NCANDA_S00690","baseline",14.18,9,"$100, 000 through $199, 999",3,3,14.18,"N",5,"Caucasian/White",4,"white",3,">100",3,2,"BA/BS"
"NCANDA_S00691","baseline",18.28,8,"$75, 000 through $99, 999",4,4,18.28,"N",5,"Caucasian/White",4,"white",2,">50<100",4,3,"Post-Graduate Degree"
"NCANDA_S00693","baseline",NA,NA,"",NA,NA,20.01,"N",5,"Caucasian/White",4,"white",NA,NA,NA,NA,NA
"NCANDA_S00694","baseline",14.43,7,"$50, 000 through $74, 999",3,2,14.43,"N",5,"Caucasian/White",4,"white",2,">50<100",3,2,"BA/BS"
"NCANDA_S00695","baseline",16.13,7,"$50, 000 through $74, 999",3,2,16.13,"Y",5,"Caucasian/White",3,"hispanic",2,">50<100",3,2,"BA/BS"
"NCANDA_S00696","baseline",15.84,1,"Less than $5, 000",2,3,15.84,"Y",5,"Caucasian/White",3,"hispanic",1,"<50",3,2,"BA/BS"
"NCANDA_S00697","baseline",19.53,7,"$50, 000 through $74, 999",2,1,19.53,"N",5,"Caucasian/White",4,"white",2,">50<100",2,1,"High School/GED/AA"
"NCANDA_S00698","baseline",18.32,9,"$100, 000 through $199, 999",4,4,18.32,"N",5,"Caucasian/White",4,"white",3,">100",4,3,"Post-Graduate Degree"
"NCANDA_S00699","baseline",17.71,9,"$100, 000 through $199, 999",3,3,17.71,"N",5,"Caucasian/White",4,"white",3,">100",3,2,"BA/BS"
"NCANDA_S00702","baseline",12.66,7,"$50, 000 through $74, 999",2,NA,12.66,"N",4,"African-American/Black",2,"black",2,">50<100",2,1,"High School/GED/AA"
"NCANDA_S00703","baseline",17.9,8,"$75, 000 through $99, 999",1,1,17.9,"N",5,"Caucasian/White",4,"white",2,">50<100",1,1,"High School/GED/AA"
"NCANDA_S00704","baseline",14.06,6,"$35, 000 through $49, 999",1,1,14.06,"N",5,"Caucasian/White",4,"white",1,"<50",1,1,"High School/GED/AA"
"NCANDA_S00705","baseline",16.65,10,"$200, 000 and greater",3,3,16.65,"N",5,"Caucasian/White",4,"white",3,">100",3,2,"BA/BS"
"NCANDA_S00707","baseline",12.55,8,"$75, 000 through $99, 999",3,3,12.55,"N",5,"Caucasian/White",4,"white",2,">50<100",3,2,"BA/BS"
"NCANDA_S00708","baseline",18.39,9,"$100, 000 through $199, 999",7,6,18.39,"N",5,"Caucasian/White",4,"white",3,">100",6,3,"Post-Graduate Degree"
"NCANDA_S00709","baseline",12.42,9,"$100, 000 through $199, 999",3,3,12.42,"N",5,"Caucasian/White",4,"white",3,">100",3,2,"BA/BS"
"NCANDA_S00710","baseline",12.85,9,"$100, 000 through $199, 999",2,7,12.85,"N",5,"Caucasian/White",4,"white",3,">100",2,1,"High School/GED/AA"
"NCANDA_S00712","baseline",15.78,10,"$200, 000 and greater",4,3,15.78,"N",5,"Caucasian/White",4,"white",3,">100",4,3,"Post-Graduate Degree"
"NCANDA_S00713","baseline",16.05,7,"$50, 000 through $74, 999",3,NA,16.05,"N",5,"Caucasian/White",4,"white",2,">50<100",3,2,"BA/BS"
"NCANDA_S00714","baseline",19.58,NA,"",6,6,19.58,"N",5,"Caucasian/White",4,"white",NA,NA,6,3,"Post-Graduate Degree"
"NCANDA_S00715","baseline",20.38,7,"$50, 000 through $74, 999",3,NA,20.38,"N",5,"Caucasian/White",4,"white",2,">50<100",3,2,"BA/BS"
"NCANDA_S00717","baseline",17.06,9,"$100, 000 through $199, 999",3,3,17.06,"N",4,"African-American/Black",2,"black",3,">100",3,2,"BA/BS"
"NCANDA_S00718","baseline",13.27,8,"$75, 000 through $99, 999",7,NA,13.27,"N",4,"African-American/Black",2,"black",2,">50<100",7,4,"Other/None"
"NCANDA_S00719","baseline",17.24,10,"$200, 000 and greater",4,4,17.24,"N",5,"Caucasian/White",4,"white",3,">100",4,3,"Post-Graduate Degree"
"NCANDA_S00720","baseline",12.72,7,"$50, 000 through $74, 999",1,3,12.72,"N",5,"Caucasian/White",4,"white",2,">50<100",3,2,"BA/BS"
"NCANDA_S00721","baseline",13.24,9,"$100, 000 through $199, 999",2,1,13.24,"Y",6,"Caucasian/White",3,"hispanic",3,">100",2,1,"High School/GED/AA"
"NCANDA_S00722","baseline",17.23,9,"$100, 000 through $199, 999",3,3,17.23,"N",5,"Caucasian/White",4,"white",3,">100",3,2,"BA/BS"
"NCANDA_S00723","baseline",12.67,9,"$100, 000 through $199, 999",4,4,12.67,"N",5,"Caucasian/White",4,"white",3,">100",4,3,"Post-Graduate Degree"
"NCANDA_S00724","baseline",14.09,9,"$100, 000 through $199, 999",4,4,14.09,"N",3,"Pacific Islander",5,"other",3,">100",4,3,"Post-Graduate Degree"
"NCANDA_S00725","baseline",17.24,9,"$100, 000 through $199, 999",1,6,17.24,"N",5,"Caucasian/White",4,"white",3,">100",6,3,"Post-Graduate Degree"
"NCANDA_S00726","baseline",17.64,5,"$25, 000 through $34, 999",2,1,17.64,"N",5,"Caucasian/White",4,"white",1,"<50",2,1,"High School/GED/AA"
"NCANDA_S00728","baseline",17.04,10,"$200, 000 and greater",7,3,17.04,"N",5,"Caucasian/White",4,"white",3,">100",3,2,"BA/BS"
"NCANDA_S00729","baseline",13.93,8,"$75, 000 through $99, 999",2,1,13.93,"N",4,"African-American/Black",2,"black",2,">50<100",2,1,"High School/GED/AA"
"NCANDA_S00730","baseline",19.09,8,"$75, 000 through $99, 999",2,1,19.09,"N",4,"African-American/Black",2,"black",2,">50<100",2,1,"High School/GED/AA"
"NCANDA_S00731","baseline",17.79,10,"$200, 000 and greater",3,2,17.79,"N",5,"Caucasian/White",4,"white",3,">100",3,2,"BA/BS"
"NCANDA_S00732","baseline",14.75,9,"$100, 000 through $199, 999",3,3,14.75,"N",5,"Caucasian/White",4,"white",3,">100",3,2,"BA/BS"
"NCANDA_S00733","baseline",14,9,"$100, 000 through $199, 999",4,3,14,"N",5,"Caucasian/White",4,"white",3,">100",4,3,"Post-Graduate Degree"
"NCANDA_S00734","baseline",17.68,2,"$5, 000 through $11, 999",3,NA,17.68,"Y",5,"Caucasian/White",3,"hispanic",1,"<50",3,2,"BA/BS"
"NCANDA_S00735","baseline",12.94,10,"$200, 000 and greater",4,4,12.94,"N",5,"Caucasian/White",4,"white",3,">100",4,3,"Post-Graduate Degree"
"NCANDA_S00737","baseline",17.53,6,"$35, 000 through $49, 999",1,NA,17.53,"N",5,"Caucasian/White",4,"white",1,"<50",1,1,"High School/GED/AA"
"NCANDA_S00739","baseline",13.55,9,"$100, 000 through $199, 999",3,3,13.55,"Y",5,"Caucasian/White",3,"hispanic",3,">100",3,2,"BA/BS"
"NCANDA_S00740","baseline",12.79,11,"Don't know",4,4,12.79,"N",5,"Caucasian/White",4,"white",4,"dk",4,3,"Post-Graduate Degree"
"NCANDA_S00741","baseline",18.06,8,"$75, 000 through $99, 999",4,3,18.06,"N",5,"Caucasian/White",4,"white",2,">50<100",4,3,"Post-Graduate Degree"
"NCANDA_S00742","baseline",17.25,3,"$12, 000 through $15, 999",3,NA,17.25,"N",5,"Caucasian/White",4,"white",1,"<50",3,2,"BA/BS"
"NCANDA_S00743","baseline",16.9,10,"$200, 000 and greater",3,3,16.9,"N",5,"Caucasian/White",4,"white",3,">100",3,2,"BA/BS"
"NCANDA_S00745","baseline",16.37,8,"$75, 000 through $99, 999",2,1,16.37,"N",4,"African-American/Black",2,"black",2,">50<100",2,1,"High School/GED/AA"
"NCANDA_S00746","baseline",17.48,11,"Don't know",3,5,17.48,"N",5,"Caucasian/White",4,"white",4,"dk",5,3,"Post-Graduate Degree"
"NCANDA_S00747","baseline",19.7,9,"$100, 000 through $199, 999",2,4,19.7,"N",5,"Caucasian/White",4,"white",3,">100",4,3,"Post-Graduate Degree"
"NCANDA_S00748","baseline",15.29,6,"$35, 000 through $49, 999",1,NA,15.29,"N",4,"African-American/Black",2,"black",1,"<50",1,1,"High School/GED/AA"
"NCANDA_S00749","baseline",16.9,3,"$12, 000 through $15, 999",1,NA,16.9,"N",4,"African-American/Black",2,"black",1,"<50",1,1,"High School/GED/AA"
"NCANDA_S00750","baseline",14.28,7,"$50, 000 through $74, 999",3,2,14.28,"N",4,"African-American/Black",2,"black",2,">50<100",3,2,"BA/BS"
"NCANDA_S00751","baseline",15.24,9,"$100, 000 through $199, 999",5,3,15.24,"N",5,"Caucasian/White",4,"white",3,">100",5,3,"Post-Graduate Degree"
"NCANDA_S00752","baseline",16.29,4,"$16, 000 through $24, 999",4,1,16.29,"N",4,"African-American/Black",2,"black",1,"<50",4,3,"Post-Graduate Degree"
"NCANDA_S00753","baseline",13.44,7,"$50, 000 through $74, 999",1,1,13.44,"N",4,"African-American/Black",2,"black",2,">50<100",1,1,"High School/GED/AA"
"NCANDA_S00754","baseline",14.52,7,"$50, 000 through $74, 999",1,1,14.52,"N",4,"African-American/Black",2,"black",2,">50<100",1,1,"High School/GED/AA"
"NCANDA_S00755","baseline",13.22,8,"$75, 000 through $99, 999",4,NA,13.22,"N",5,"Caucasian/White",4,"white",2,">50<100",4,3,"Post-Graduate Degree"
"NCANDA_S00756","baseline",16.87,11,"Don't know",7,1,16.87,"N",5,"Caucasian/White",4,"white",4,"dk",1,1,"High School/GED/AA"
"NCANDA_S00757","baseline",14.19,10,"$200, 000 and greater",6,6,14.19,"N",5,"Caucasian/White",4,"white",3,">100",6,3,"Post-Graduate Degree"
"NCANDA_S00758","baseline",14.58,7,"$50, 000 through $74, 999",2,1,14.58,"N",4,"African-American/Black",2,"black",2,">50<100",2,1,"High School/GED/AA"
"NCANDA_S00759","baseline",12.13,10,"$200, 000 and greater",3,3,12.13,"N",5,"Caucasian/White",4,"white",3,">100",3,2,"BA/BS"
"NCANDA_S00760","baseline",21.53,8,"$75, 000 through $99, 999",1,4,21.53,"N",5,"Caucasian/White",4,"white",2,">50<100",4,3,"Post-Graduate Degree"
"NCANDA_S00761","baseline",13.49,10,"$200, 000 and greater",5,5,13.49,"N",6,"Asian_White",5,"other",3,">100",5,3,"Post-Graduate Degree"
"NCANDA_S00762","baseline",NA,NA,"",NA,NA,18.86,"N",5,"Caucasian/White",4,"white",NA,NA,NA,NA,NA
"NCANDA_S00763","baseline",17.34,9,"$100, 000 through $199, 999",4,5,17.34,"N",5,"Caucasian/White",4,"white",3,">100",5,3,"Post-Graduate Degree"
"NCANDA_S00764","baseline",16.48,9,"$100, 000 through $199, 999",3,3,16.48,"N",4,"African-American/Black",2,"black",3,">100",3,2,"BA/BS"
"NCANDA_S00767","baseline",17.58,5,"$25, 000 through $34, 999",1,1,17.58,"N",4,"African-American/Black",2,"black",1,"<50",1,1,"High School/GED/AA"
"NCANDA_S00769","baseline",16.71,7,"$50, 000 through $74, 999",3,4,16.71,"Y",5,"Caucasian/White",3,"hispanic",2,">50<100",4,3,"Post-Graduate Degree"
"NCANDA_S00770","baseline",17.84,11,"Don't know",4,4,17.84,"N",5,"Caucasian/White",4,"white",4,"dk",4,3,"Post-Graduate Degree"
"NCANDA_S00771","baseline",17.64,9,"$100, 000 through $199, 999",4,3,17.64,"N",5,"Caucasian/White",4,"white",3,">100",4,3,"Post-Graduate Degree"
"NCANDA_S00772","baseline",13.26,10,"$200, 000 and greater",3,3,13.26,"N",6,"Asian_White",5,"other",3,">100",3,2,"BA/BS"
"NCANDA_S00773","baseline",16.22,10,"$200, 000 and greater",3,4,16.22,"N",5,"Caucasian/White",4,"white",3,">100",4,3,"Post-Graduate Degree"
"NCANDA_S00774","baseline",15.88,3,"$12, 000 through $15, 999",3,NA,15.88,"N",5,"Caucasian/White",4,"white",1,"<50",3,2,"BA/BS"
"NCANDA_S00775","baseline",15.36,10,"$200, 000 and greater",4,4,15.36,"N",5,"Caucasian/White",4,"white",3,">100",4,3,"Post-Graduate Degree"
"NCANDA_S00776","baseline",21.41,8,"$75, 000 through $99, 999",4,4,21.41,"N",5,"Caucasian/White",4,"white",2,">50<100",4,3,"Post-Graduate Degree"
"NCANDA_S00778","baseline",16.01,9,"$100, 000 through $199, 999",1,3,16.01,"N",5,"Caucasian/White",4,"white",3,">100",3,2,"BA/BS"
"NCANDA_S00779","baseline",16.52,9,"$100, 000 through $199, 999",3,3,16.52,"N",5,"Caucasian/White",4,"white",3,">100",3,2,"BA/BS"
"NCANDA_S00780","baseline",19.11,9,"$100, 000 through $199, 999",3,4,19.11,"N",5,"Caucasian/White",4,"white",3,">100",4,3,"Post-Graduate Degree"
"NCANDA_S00781","baseline",17.34,10,"$200, 000 and greater",4,3,17.34,"N",5,"Caucasian/White",4,"white",3,">100",4,3,"Post-Graduate Degree"
"NCANDA_S00782","baseline",18.72,6,"$35, 000 through $49, 999",2,1,18.72,"N",4,"African-American/Black",2,"black",1,"<50",2,1,"High School/GED/AA"
"NCANDA_S00783","baseline",19.78,9,"$100, 000 through $199, 999",6,3,19.78,"N",5,"Caucasian/White",4,"white",3,">100",6,3,"Post-Graduate Degree"
"NCANDA_S00784","baseline",19.45,5,"$25, 000 through $34, 999",1,NA,19.45,"N",5,"Caucasian/White",4,"white",1,"<50",1,1,"High School/GED/AA"
"NCANDA_S00785","baseline",13.56,9,"$100, 000 through $199, 999",3,NA,13.56,"N",5,"Caucasian/White",4,"white",3,">100",3,2,"BA/BS"
"NCANDA_S00788","baseline",16.67,4,"$16, 000 through $24, 999",8,8,16.67,"Y",5,"Caucasian/White",3,"hispanic",1,"<50",8,4,"Other/None"
"NCANDA_S00790","baseline",19.25,8,"$75, 000 through $99, 999",3,3,19.25,"N",5,"Caucasian/White",4,"white",2,">50<100",3,2,"BA/BS"
"NCANDA_S00792","baseline",NA,NA,"",NA,NA,21.41,"Y",5,"Caucasian/White",3,"hispanic",NA,NA,NA,NA,NA
"NCANDA_S00793","baseline",15.53,9,"$100, 000 through $199, 999",5,3,15.53,"N",5,"Caucasian/White",4,"white",3,">100",5,3,"Post-Graduate Degree"
"NCANDA_S00794","baseline",13.69,8,"$75, 000 through $99, 999",2,1,13.69,"N",5,"Caucasian/White",4,"white",2,">50<100",2,1,"High School/GED/AA"
"NCANDA_S00795","baseline",NA,NA,"",NA,NA,19.46,"N",5,"Caucasian/White",4,"white",NA,NA,NA,NA,NA
"NCANDA_S00796","baseline",NA,NA,"",NA,NA,19.36,"N",5,"Caucasian/White",4,"white",NA,NA,NA,NA,NA
"NCANDA_S00797","baseline",20.35,7,"$50, 000 through $74, 999",2,NA,20.35,"N",5,"Caucasian/White",4,"white",2,">50<100",2,1,"High School/GED/AA"
"NCANDA_S00798","baseline",14.76,11,"Don't know",4,NA,14.76,"N",4,"African-American/Black",2,"black",4,"dk",4,3,"Post-Graduate Degree"
"NCANDA_S00799","baseline",12.31,10,"$200, 000 and greater",3,4,12.31,"N",5,"Caucasian/White",4,"white",3,">100",4,3,"Post-Graduate Degree"
"NCANDA_S00800","baseline",20.21,10,"$200, 000 and greater",4,5,20.21,"N",4,"African-American/Black",2,"black",3,">100",5,3,"Post-Graduate Degree"
"NCANDA_S00801","baseline",18.12,NA,"",NA,NA,18.12,"N",4,"African-American/Black",2,"black",NA,NA,NA,NA,NA
"NCANDA_S00802","baseline",19.35,9,"$100, 000 through $199, 999",3,5,19.35,"N",5,"Caucasian/White",4,"white",3,">100",5,3,"Post-Graduate Degree"
"NCANDA_S00804","baseline",19.24,9,"$100, 000 through $199, 999",3,2,19.24,"N",5,"Caucasian/White",4,"white",3,">100",3,2,"BA/BS"
"NCANDA_S00805","baseline",18.47,9,"$100, 000 through $199, 999",3,3,18.47,"N",5,"Caucasian/White",4,"white",3,">100",3,2,"BA/BS"
"NCANDA_S00807","baseline",14.96,9,"$100, 000 through $199, 999",3,4,14.96,"N",5,"Caucasian/White",4,"white",3,">100",4,3,"Post-Graduate Degree"
"NCANDA_S00808","baseline",18.42,8,"$75, 000 through $99, 999",2,NA,18.42,"N",6,"Asian_White",5,"other",2,">50<100",2,1,"High School/GED/AA"
"NCANDA_S00809","baseline",12.83,4,"$16, 000 through $24, 999",3,NA,12.83,"N",5,"Caucasian/White",4,"white",1,"<50",3,2,"BA/BS"
"NCANDA_S00810","baseline",16.39,7,"$50, 000 through $74, 999",3,NA,16.39,"N",5,"Caucasian/White",4,"white",2,">50<100",3,2,"BA/BS"
"NCANDA_S00811","baseline",18.04,7,"$50, 000 through $74, 999",3,3,18.04,"N",5,"Caucasian/White",4,"white",2,">50<100",3,2,"BA/BS"
"NCANDA_S00812","baseline",13.26,9,"$100, 000 through $199, 999",3,3,13.26,"N",5,"Caucasian/White",4,"white",3,">100",3,2,"BA/BS"
"NCANDA_S00813","baseline",16.19,7,"$50, 000 through $74, 999",5,4,16.19,"N",5,"Caucasian/White",4,"white",2,">50<100",5,3,"Post-Graduate Degree"
"NCANDA_S00814","baseline",12.12,10,"$200, 000 and greater",3,7,12.12,"N",5,"Caucasian/White",4,"white",3,">100",3,2,"BA/BS"
"NCANDA_S00815","baseline",15.93,9,"$100, 000 through $199, 999",4,3,15.93,"N",5,"Caucasian/White",4,"white",3,">100",4,3,"Post-Graduate Degree"
"NCANDA_S00816","baseline",20.45,9,"$100, 000 through $199, 999",3,1,20.45,"Y",5,"Caucasian/White",3,"hispanic",3,">100",3,2,"BA/BS"
"NCANDA_S00817","baseline",19.26,6,"$35, 000 through $49, 999",8,8,19.26,"Y",5,"Caucasian/White",3,"hispanic",1,"<50",8,4,"Other/None"
"NCANDA_S00818","baseline",18.66,10,"$200, 000 and greater",4,3,18.66,"N",5,"Caucasian/White",4,"white",3,">100",4,3,"Post-Graduate Degree"
"NCANDA_S00819","baseline",20.3,9,"$100, 000 through $199, 999",4,3,20.3,"Y",6,"Caucasian/White",3,"hispanic",3,">100",4,3,"Post-Graduate Degree"
"NCANDA_S00820","baseline",14.17,9,"$100, 000 through $199, 999",3,4,14.17,"N",5,"Caucasian/White",4,"white",3,">100",4,3,"Post-Graduate Degree"
"NCANDA_S00822","baseline",20.5,9,"$100, 000 through $199, 999",4,3,20.5,"N",5,"Caucasian/White",4,"white",3,">100",4,3,"Post-Graduate Degree"
"NCANDA_S00824","baseline",12.04,3,"$12, 000 through $15, 999",2,NA,12.04,"N",4,"African-American/Black",2,"black",1,"<50",2,1,"High School/GED/AA"
"NCANDA_S00825","baseline",13.88,9,"$100, 000 through $199, 999",4,3,13.88,"N",5,"Caucasian/White",4,"white",3,">100",4,3,"Post-Graduate Degree"
"NCANDA_S00826","baseline",13.23,9,"$100, 000 through $199, 999",3,3,13.23,"N",5,"Caucasian/White",4,"white",3,">100",3,2,"BA/BS"
"NCANDA_S00827","baseline",16.86,6,"$35, 000 through $49, 999",3,3,16.86,"N",5,"Caucasian/White",4,"white",1,"<50",3,2,"BA/BS"
"NCANDA_S00828","baseline",21.87,5,"$25, 000 through $34, 999",4,3,21.87,"N",2,"Asian",1,"asian",1,"<50",4,3,"Post-Graduate Degree"
"NCANDA_S00829","baseline",19.72,9,"$100, 000 through $199, 999",4,4,19.72,"N",2,"Asian",1,"asian",3,">100",4,3,"Post-Graduate Degree"
"NCANDA_S00830","baseline",15.71,10,"$200, 000 and greater",4,1,15.71,"N",5,"Caucasian/White",4,"white",3,">100",4,3,"Post-Graduate Degree"
"NCANDA_S00831","baseline",12.46,10,"$200, 000 and greater",4,1,12.46,"N",5,"Caucasian/White",4,"white",3,">100",4,3,"Post-Graduate Degree"
"NCANDA_S00832","baseline",12.86,10,"$200, 000 and greater",4,3,12.86,"N",5,"Caucasian/White",4,"white",3,">100",4,3,"Post-Graduate Degree"
"NCANDA_S00833","baseline",19.6,7,"$50, 000 through $74, 999",2,3,19.6,"N",5,"Caucasian/White",4,"white",2,">50<100",3,2,"BA/BS"
"NCANDA_S00834","baseline",20.29,9,"$100, 000 through $199, 999",3,2,20.29,"N",5,"Caucasian/White",4,"white",3,">100",3,2,"BA/BS"
"NCANDA_S00835","baseline",15,11,"Don't know",8,1,15,"Y",5,"Caucasian/White",3,"hispanic",4,"dk",1,1,"High School/GED/AA"
"NCANDA_S00836","baseline",13.13,9,"$100, 000 through $199, 999",2,2,13.13,"N",5,"Caucasian/White",4,"white",3,">100",2,1,"High School/GED/AA"
"NCANDA_S00838","baseline",17.59,9,"$100, 000 through $199, 999",3,2,17.59,"N",5,"Caucasian/White",4,"white",3,">100",3,2,"BA/BS"
"NCANDA_S00839","baseline",18.05,9,"$100, 000 through $199, 999",3,NA,18.05,"N",5,"Caucasian/White",4,"white",3,">100",3,2,"BA/BS"
"NCANDA_S00840","baseline",20.38,NA,"",NA,NA,20.38,"N",2,"Asian",1,"asian",NA,NA,NA,NA,NA
"NCANDA_S00841","baseline",NA,NA,"",NA,NA,20.32,"N",5,"Caucasian/White",4,"white",NA,NA,NA,NA,NA
"NCANDA_S00842","baseline",17.46,8,"$75, 000 through $99, 999",4,6,17.46,"N",5,"Caucasian/White",4,"white",2,">50<100",6,3,"Post-Graduate Degree"
"NCANDA_S00843","baseline",12.32,6,"$35, 000 through $49, 999",3,3,12.32,"N",5,"Caucasian/White",4,"white",1,"<50",3,2,"BA/BS"
"NCANDA_S00844","baseline",18.22,10,"$200, 000 and greater",5,5,18.22,"N",5,"Caucasian/White",4,"white",3,">100",5,3,"Post-Graduate Degree"
"NCANDA_S00845","baseline",14.99,6,"$35, 000 through $49, 999",4,NA,14.99,"N",5,"Caucasian/White",4,"white",1,"<50",4,3,"Post-Graduate Degree"
"NCANDA_S00846","baseline",16.54,10,"$200, 000 and greater",6,3,16.54,"N",5,"Caucasian/White",4,"white",3,">100",6,3,"Post-Graduate Degree"
"NCANDA_S00847","baseline",14.41,9,"$100, 000 through $199, 999",3,4,14.41,"N",5,"Caucasian/White",4,"white",3,">100",4,3,"Post-Graduate Degree"
"NCANDA_S00848","baseline",NA,NA,"",NA,NA,19,"Y",6,"Caucasian/White",3,"hispanic",NA,NA,NA,NA,NA
"NCANDA_S00849","baseline",16,9,"$100, 000 through $199, 999",3,3,16,"N",5,"Caucasian/White",4,"white",3,">100",3,2,"BA/BS"
"NCANDA_S00850","baseline",15.26,9,"$100, 000 through $199, 999",1,3,15.26,"N",5,"Caucasian/White",4,"white",3,">100",3,2,"BA/BS"
"NCANDA_S00851","baseline",19.7,10,"$200, 000 and greater",4,2,19.7,"N",2,"Asian",1,"asian",3,">100",4,3,"Post-Graduate Degree"
"NCANDA_S00852","baseline",20.13,NA,"",NA,NA,20.13,"N",5,"Caucasian/White",4,"white",NA,NA,NA,NA,NA
"NCANDA_S00853","baseline",21.14,NA,"",NA,NA,21.14,"N",5,"Caucasian/White",4,"white",NA,NA,NA,NA,NA
"NCANDA_S00854","baseline",17.58,9,"$100, 000 through $199, 999",3,3,17.58,"N",5,"Caucasian/White",4,"white",3,">100",3,2,"BA/BS"
"NCANDA_S00855","baseline",14.69,10,"$200, 000 and greater",3,4,14.69,"N",5,"Caucasian/White",4,"white",3,">100",4,3,"Post-Graduate Degree"
"NCANDA_S00856","baseline",16.67,9,"$100, 000 through $199, 999",6,3,16.67,"N",5,"Caucasian/White",4,"white",3,">100",6,3,"Post-Graduate Degree"
"NCANDA_S00857","baseline",12.49,9,"$100, 000 through $199, 999",4,4,12.49,"N",5,"Caucasian/White",4,"white",3,">100",4,3,"Post-Graduate Degree"
"NCANDA_S00858","baseline",17.4,9,"$100, 000 through $199, 999",3,NA,17.4,"N",5,"Caucasian/White",4,"white",3,">100",3,2,"BA/BS"
"NCANDA_S00859","baseline",16.97,9,"$100, 000 through $199, 999",3,3,16.97,"N",5,"Caucasian/White",4,"white",3,">100",3,2,"BA/BS"
"NCANDA_S00860","baseline",17.24,11,"Don't know",6,6,17.24,"N",5,"Caucasian/White",4,"white",4,"dk",6,3,"Post-Graduate Degree"
"NCANDA_S00862","baseline",12.37,9,"$100, 000 through $199, 999",3,1,12.37,"N",4,"African-American/Black",2,"black",3,">100",3,2,"BA/BS"
"NCANDA_S00863","baseline",16.66,9,"$100, 000 through $199, 999",3,1,16.66,"N",4,"African-American/Black",2,"black",3,">100",3,2,"BA/BS"
"NCANDA_S00864","baseline",19.73,NA,"",NA,NA,19.73,"N",2,"Asian",1,"asian",NA,NA,NA,NA,NA
"NCANDA_S00865","baseline",17.01,9,"$100, 000 through $199, 999",1,1,17.01,"N",5,"Caucasian/White",4,"white",3,">100",1,1,"High School/GED/AA"
"NCANDA_S00866","baseline",NA,NA,"",NA,NA,19.85,"N",2,"Asian",1,"asian",NA,NA,NA,NA,NA
"NCANDA_S00867","baseline",16.24,7,"$50, 000 through $74, 999",3,NA,16.24,"N",2,"Asian",1,"asian",2,">50<100",3,2,"BA/BS"
"NCANDA_S00868","baseline",16.71,7,"$50, 000 through $74, 999",3,NA,16.71,"N",4,"African-American/Black",2,"black",2,">50<100",3,2,"BA/BS"
"NCANDA_S00870","baseline",16.98,10,"$200, 000 and greater",3,3,16.98,"N",5,"Caucasian/White",4,"white",3,">100",3,2,"BA/BS"
"NCANDA_S00871","baseline",13.96,9,"$100, 000 through $199, 999",3,1,13.96,"N",5,"Caucasian/White",4,"white",3,">100",3,2,"BA/BS"
"NCANDA_S00872","baseline",16.71,9,"$100, 000 through $199, 999",3,1,16.71,"N",5,"Caucasian/White",4,"white",3,">100",3,2,"BA/BS"
"NCANDA_S00873","baseline",16.84,9,"$100, 000 through $199, 999",3,2,16.84,"N",5,"Caucasian/White",4,"white",3,">100",3,2,"BA/BS"
"NCANDA_S00874","baseline",19.23,NA,"",NA,NA,19.23,"N",5,"Caucasian/White",4,"white",NA,NA,NA,NA,NA
"NCANDA_S00875","baseline",19.03,NA,"",NA,NA,19.03,"N",5,"Caucasian/White",4,"white",NA,NA,NA,NA,NA
"NCANDA_S00876","baseline",18.05,NA,"",NA,NA,18.05,"N",5,"Caucasian/White",4,"white",NA,NA,NA,NA,NA
"NCANDA_S00877","baseline",18.49,6,"$35, 000 through $49, 999",3,1,18.49,"N",5,"Caucasian/White",4,"white",1,"<50",3,2,"BA/BS"
"NCANDA_S00879","baseline",16.97,9,"$100, 000 through $199, 999",3,4,16.97,"N",5,"Caucasian/White",4,"white",3,">100",4,3,"Post-Graduate Degree"
"NCANDA_S00882","baseline",15.73,8,"$75, 000 through $99, 999",3,3,15.73,"Y",6,"Asian",3,"hispanic",2,">50<100",3,2,"BA/BS"
"NCANDA_S00883","baseline",14.77,8,"$75, 000 through $99, 999",1,1,14.77,"Y",6,"Caucasian/White",3,"hispanic",2,">50<100",1,1,"High School/GED/AA"
"NCANDA_S00884","baseline",17.38,8,"$75, 000 through $99, 999",4,3,17.38,"N",5,"Caucasian/White",4,"white",2,">50<100",4,3,"Post-Graduate Degree"
"NCANDA_S00885","baseline",13.44,9,"$100, 000 through $199, 999",4,5,13.44,"N",5,"Caucasian/White",4,"white",3,">100",5,3,"Post-Graduate Degree"
"NCANDA_S00886","baseline",NA,NA,"",NA,NA,19.05,"N",4,"African-American/Black",2,"black",NA,NA,NA,NA,NA
"NCANDA_S00887","baseline",14.73,9,"$100, 000 through $199, 999",6,4,14.73,"N",5,"Caucasian/White",4,"white",3,">100",6,3,"Post-Graduate Degree"
"NCANDA_S00888","baseline",13.64,9,"$100, 000 through $199, 999",3,6,13.64,"N",5,"Caucasian/White",4,"white",3,">100",6,3,"Post-Graduate Degree"
"NCANDA_S00889","baseline",13.64,9,"$100, 000 through $199, 999",3,4,13.64,"N",5,"Caucasian/White",4,"white",3,">100",4,3,"Post-Graduate Degree"
"NCANDA_S00890","baseline",12.91,9,"$100, 000 through $199, 999",3,2,12.91,"N",4,"African-American/Black",2,"black",3,">100",3,2,"BA/BS"
"NCANDA_S00891","baseline",17.58,9,"$100, 000 through $199, 999",2,7,17.58,"N",4,"African-American/Black",2,"black",3,">100",2,1,"High School/GED/AA"
"NCANDA_S00892","baseline",13.86,10,"$200, 000 and greater",6,5,13.86,"N",5,"Caucasian/White",4,"white",3,">100",6,3,"Post-Graduate Degree"
"NCANDA_S00893","baseline",12.99,7,"$50, 000 through $74, 999",3,3,12.99,"N",5,"Caucasian/White",4,"white",2,">50<100",3,2,"BA/BS"
"NCANDA_S00894","baseline",15.46,NA,"",3,3,15.46,"N",4,"African-American/Black",2,"black",NA,NA,3,2,"BA/BS"
"NCANDA_S00895","baseline",NA,NA,"",NA,NA,21.18,"N",4,"African-American/Black",2,"black",NA,NA,NA,NA,NA
"NCANDA_S00896","baseline",13,10,"$200, 000 and greater",3,4,13,"N",5,"Caucasian/White",4,"white",3,">100",4,3,"Post-Graduate Degree"
"NCANDA_S00897","baseline",15.81,10,"$200, 000 and greater",6,5,15.81,"N",5,"Caucasian/White",4,"white",3,">100",6,3,"Post-Graduate Degree"
"NCANDA_S00898","baseline",13.83,9,"$100, 000 through $199, 999",6,6,13.83,"N",5,"Caucasian/White",4,"white",3,">100",6,3,"Post-Graduate Degree"
"NCANDA_S00899","baseline",14.13,9,"$100, 000 through $199, 999",5,5,14.13,"Y",6,"Caucasian/White",3,"hispanic",3,">100",5,3,"Post-Graduate Degree"
"NCANDA_S00900","baseline",15.12,9,"$100, 000 through $199, 999",5,4,15.12,"N",5,"Caucasian/White",4,"white",3,">100",5,3,"Post-Graduate Degree"
"NCANDA_S00901","baseline",13.01,9,"$100, 000 through $199, 999",3,4,13.01,"N",2,"Asian",1,"asian",3,">100",4,3,"Post-Graduate Degree"
"NCANDA_S00902","baseline",18.32,9,"$100, 000 through $199, 999",3,3,18.32,"N",5,"Caucasian/White",4,"white",3,">100",3,2,"BA/BS"
"NCANDA_S00903","baseline",16.94,9,"$100, 000 through $199, 999",3,NA,16.94,"N",4,"African-American/Black",2,"black",3,">100",3,2,"BA/BS"
"NCANDA_S00904","baseline",15.36,10,"$200, 000 and greater",3,3,15.36,"N",5,"Caucasian/White",4,"white",3,">100",3,2,"BA/BS"
"NCANDA_S00905","baseline",15.02,10,"$200, 000 and greater",4,3,15.02,"N",5,"Caucasian/White",4,"white",3,">100",4,3,"Post-Graduate Degree"
"NCANDA_S00906","baseline",14.7,10,"$200, 000 and greater",3,3,14.7,"N",5,"Caucasian/White",4,"white",3,">100",3,2,"BA/BS"
"NCANDA_S00909","baseline",14.63,10,"$200, 000 and greater",3,3,14.63,"N",5,"Caucasian/White",4,"white",3,">100",3,2,"BA/BS"
"NCANDA_S00910","baseline",19.58,8,"$75, 000 through $99, 999",1,1,19.58,"N",5,"Caucasian/White",4,"white",2,">50<100",1,1,"High School/GED/AA"
"NCANDA_S00911","baseline",15.47,4,"$16, 000 through $24, 999",4,NA,15.47,"Y",6,"Caucasian/White",3,"hispanic",1,"<50",4,3,"Post-Graduate Degree"
"NCANDA_S00912","baseline",12.65,9,"$100, 000 through $199, 999",4,3,12.65,"Y",6,"Caucasian/White",3,"hispanic",3,">100",4,3,"Post-Graduate Degree"
"NCANDA_S00913","baseline",17.67,4,"$16, 000 through $24, 999",4,NA,17.67,"Y",6,"Caucasian/White",3,"hispanic",1,"<50",4,3,"Post-Graduate Degree"
"NCANDA_S00914","baseline",15.17,9,"$100, 000 through $199, 999",3,2,15.17,"N",5,"Caucasian/White",4,"white",3,">100",3,2,"BA/BS"
"NCANDA_S00915","baseline",20.92,7,"$50, 000 through $74, 999",2,NA,20.92,"N",4,"African-American/Black",2,"black",2,">50<100",2,1,"High School/GED/AA"
"NCANDA_S00916","baseline",13.93,4,"$16, 000 through $24, 999",1,NA,13.93,"Y",6,"Asian_White",3,"hispanic",1,"<50",1,1,"High School/GED/AA"
"NCANDA_S00917","baseline",14.9,6,"$35, 000 through $49, 999",1,1,14.9,"Y",5,"Caucasian/White",3,"hispanic",1,"<50",1,1,"High School/GED/AA"
"NCANDA_S00918","baseline",12.99,9,"$100, 000 through $199, 999",3,3,12.99,"N",5,"Caucasian/White",4,"white",3,">100",3,2,"BA/BS"
"NCANDA_S00919","baseline",18.94,9,"$100, 000 through $199, 999",4,4,18.94,"Y",5,"Caucasian/White",3,"hispanic",3,">100",4,3,"Post-Graduate Degree"
"NCANDA_S00922","baseline",16.25,9,"$100, 000 through $199, 999",3,4,16.25,"N",2,"Asian",1,"asian",3,">100",4,3,"Post-Graduate Degree"
"NCANDA_S00923","baseline",12.92,8,"$75, 000 through $99, 999",3,NA,12.92,"N",4,"African-American/Black",2,"black",2,">50<100",3,2,"BA/BS"
"NCANDA_S00924","baseline",13.4,7,"$50, 000 through $74, 999",4,1,13.4,"N",4,"African-American/Black",2,"black",2,">50<100",4,3,"Post-Graduate Degree"
"NCANDA_S00925","baseline",20.36,10,"$200, 000 and greater",4,1,20.36,"N",5,"Caucasian/White",4,"white",3,">100",4,3,"Post-Graduate Degree"
"NCANDA_S00929","baseline",13.47,7,"$50, 000 through $74, 999",2,1,13.47,"Y",5,"Caucasian/White",3,"hispanic",2,">50<100",2,1,"High School/GED/AA"
"NCANDA_S00932","baseline",13.26,10,"$200, 000 and greater",3,2,13.26,"N",5,"Caucasian/White",4,"white",3,">100",3,2,"BA/BS"
"NCANDA_S00933","baseline",14.17,7,"$50, 000 through $74, 999",2,NA,14.17,"N",4,"African-American/Black",2,"black",2,">50<100",2,1,"High School/GED/AA"
"NCANDA_S00934","baseline",13.7,5,"$25, 000 through $34, 999",3,3,13.7,"N",5,"Caucasian/White",4,"white",1,"<50",3,2,"BA/BS"
"NCANDA_S00935","baseline",15.89,5,"$25, 000 through $34, 999",3,3,15.89,"N",5,"Caucasian/White",4,"white",1,"<50",3,2,"BA/BS"
"NCANDA_S00936","baseline",20.35,7,"$50, 000 through $74, 999",3,4,20.35,"Y",5,"Caucasian/White",3,"hispanic",2,">50<100",4,3,"Post-Graduate Degree"
"NCANDA_S00937","baseline",20.04,5,"$25, 000 through $34, 999",2,1,20.04,"Y",5,"Caucasian/White",3,"hispanic",1,"<50",2,1,"High School/GED/AA"
"NCANDA_S00938","baseline",19.24,11,"Don't know",3,4,19.24,"N",2,"Asian",1,"asian",4,"dk",4,3,"Post-Graduate Degree"
"NCANDA_S00939","baseline",14,5,"$25, 000 through $34, 999",7,1,14,"Y",5,"Caucasian/White",3,"hispanic",1,"<50",1,1,"High School/GED/AA"
"NCANDA_S00940","baseline",16.36,5,"$25, 000 through $34, 999",2,1,16.36,"Y",5,"Caucasian/White",3,"hispanic",1,"<50",2,1,"High School/GED/AA"
"NCANDA_S00941","baseline",18.18,9,"$100, 000 through $199, 999",4,4,18.18,"N",2,"Asian",1,"asian",3,">100",4,3,"Post-Graduate Degree"
"NCANDA_S00942","baseline",17.88,8,"$75, 000 through $99, 999",5,NA,17.88,"N",5,"Caucasian/White",4,"white",2,">50<100",5,3,"Post-Graduate Degree"
"NCANDA_S00943","baseline",13.27,4,"$16, 000 through $24, 999",8,8,13.27,"Y",5,"Caucasian/White",3,"hispanic",1,"<50",8,4,"Other/None"
"NCANDA_S00944","baseline",14.89,8,"$75, 000 through $99, 999",6,2,14.89,"N",5,"Caucasian/White",4,"white",2,">50<100",6,3,"Post-Graduate Degree"
"NCANDA_S00945","baseline",19.65,9,"$100, 000 through $199, 999",4,3,19.65,"N",5,"Caucasian/White",4,"white",3,">100",4,3,"Post-Graduate Degree"
"NCANDA_S00946","baseline",19,9,"$100, 000 through $199, 999",1,1,19,"N",5,"Caucasian/White",4,"white",3,">100",1,1,"High School/GED/AA"
"NCANDA_S00947","baseline",16.38,9,"$100, 000 through $199, 999",4,2,16.38,"N",5,"Caucasian/White",4,"white",3,">100",4,3,"Post-Graduate Degree"
"NCANDA_S00949","baseline",19.83,7,"$50, 000 through $74, 999",1,NA,19.83,"N",5,"Caucasian/White",4,"white",2,">50<100",1,1,"High School/GED/AA"
"NCANDA_S00950","baseline",14.09,9,"$100, 000 through $199, 999",3,1,14.09,"Y",5,"Caucasian/White",3,"hispanic",3,">100",3,2,"BA/BS"
"NCANDA_S00951","baseline",16.24,7,"$50, 000 through $74, 999",1,NA,16.24,"N",6,"Asian_White",5,"other",2,">50<100",1,1,"High School/GED/AA"
"NCANDA_S00952","baseline",19.83,4,"$16, 000 through $24, 999",3,1,19.83,"N",5,"Caucasian/White",4,"white",1,"<50",3,2,"BA/BS"
"NCANDA_S00953","baseline",19.19,9,"$100, 000 through $199, 999",3,3,19.19,"N",5,"Caucasian/White",4,"white",3,">100",3,2,"BA/BS"
"NCANDA_S00955","baseline",18.22,7,"$50, 000 through $74, 999",3,3,18.22,"N",5,"Caucasian/White",4,"white",2,">50<100",3,2,"BA/BS"
"NCANDA_S00956","baseline",12.81,10,"$200, 000 and greater",3,4,12.81,"N",5,"Caucasian/White",4,"white",3,">100",4,3,"Post-Graduate Degree"
"NCANDA_S00957","baseline",12.02,9,"$100, 000 through $199, 999",6,4,12.02,"N",5,"Caucasian/White",4,"white",3,">100",6,3,"Post-Graduate Degree"
"NCANDA_S00958","baseline",16.32,9,"$100, 000 through $199, 999",6,4,16.32,"N",5,"Caucasian/White",4,"white",3,">100",6,3,"Post-Graduate Degree"
"NCANDA_S00959","baseline",21.14,7,"$50, 000 through $74, 999",2,NA,21.14,"N",5,"Caucasian/White",4,"white",2,">50<100",2,1,"High School/GED/AA"
"NCANDA_S00960","baseline",15.69,10,"$200, 000 and greater",4,5,15.69,"N",2,"Asian",1,"asian",3,">100",5,3,"Post-Graduate Degree"
"NCANDA_S00961","baseline",20.13,8,"$75, 000 through $99, 999",5,5,20.13,"N",5,"Caucasian/White",4,"white",2,">50<100",5,3,"Post-Graduate Degree"
"NCANDA_S00962","baseline",16.5,9,"$100, 000 through $199, 999",3,3,16.5,"N",2,"Asian",1,"asian",3,">100",3,2,"BA/BS"
"NCANDA_S00963","baseline",20.84,9,"$100, 000 through $199, 999",3,6,20.84,"N",5,"Caucasian/White",4,"white",3,">100",6,3,"Post-Graduate Degree"
"NCANDA_S00964","baseline",17.91,6,"$35, 000 through $49, 999",3,3,17.91,"N",5,"Caucasian/White",4,"white",1,"<50",3,2,"BA/BS"
"NCANDA_S00965","baseline",18.75,9,"$100, 000 through $199, 999",4,3,18.75,"N",5,"Caucasian/White",4,"white",3,">100",4,3,"Post-Graduate Degree"
"NCANDA_S00966","baseline",18.26,2,"$5, 000 through $11, 999",8,NA,18.26,"Y",5,"Caucasian/White",3,"hispanic",1,"<50",8,4,"Other/None"
"NCANDA_S00967","baseline",19.19,9,"$100, 000 through $199, 999",4,1,19.19,"N",2,"Asian",1,"asian",3,">100",4,3,"Post-Graduate Degree"
"NCANDA_S00969","baseline",13.28,10,"$200, 000 and greater",3,4,13.28,"N",5,"Caucasian/White",4,"white",3,">100",4,3,"Post-Graduate Degree"
"NCANDA_S00970","baseline",17.7,8,"$75, 000 through $99, 999",6,2,17.7,"N",5,"Caucasian/White",4,"white",2,">50<100",6,3,"Post-Graduate Degree"
"NCANDA_S00972","baseline",15.98,7,"$50, 000 through $74, 999",NA,NA,15.98,"N",5,"Caucasian/White",4,"white",2,">50<100",NA,NA,NA
"NCANDA_S00973","baseline",19.82,5,"$25, 000 through $34, 999",1,8,19.82,"Y",5,"Caucasian/White",3,"hispanic",1,"<50",1,1,"High School/GED/AA"
"NCANDA_S00974","baseline",13.29,8,"$75, 000 through $99, 999",6,2,13.29,"N",5,"Caucasian/White",4,"white",2,">50<100",6,3,"Post-Graduate Degree"
"NCANDA_S00975","baseline",14.6,10,"$200, 000 and greater",3,3,14.6,"N",5,"Caucasian/White",4,"white",3,">100",3,2,"BA/BS"
"NCANDA_S00976","baseline",12.05,10,"$200, 000 and greater",3,3,12.05,"N",5,"Caucasian/White",4,"white",3,">100",3,2,"BA/BS"
"NCANDA_S00980","baseline",13.8,10,"$200, 000 and greater",5,4,13.8,"N",6,"Asian_White",5,"other",3,">100",5,3,"Post-Graduate Degree"
"NCANDA_S00981","baseline",15.49,10,"$200, 000 and greater",3,4,15.49,"N",5,"Caucasian/White",4,"white",3,">100",4,3,"Post-Graduate Degree"
"NCANDA_S00982","baseline",16.91,5,"$25, 000 through $34, 999",1,NA,16.91,"N",6,"African-American_Caucasian",5,"other",1,"<50",1,1,"High School/GED/AA"
"NCANDA_S00983","baseline",12.13,10,"$200, 000 and greater",4,4,12.13,"N",2,"Asian",1,"asian",3,">100",4,3,"Post-Graduate Degree"
"NCANDA_S00985","baseline",17.53,2,"$5, 000 through $11, 999",3,6,17.53,"N",5,"Caucasian/White",4,"white",1,"<50",6,3,"Post-Graduate Degree"
"NCANDA_S00987","baseline",14.6,5,"$25, 000 through $34, 999",1,NA,14.6,"N",6,"African-American_Caucasian",5,"other",1,"<50",1,1,"High School/GED/AA"
"NCANDA_S00988","baseline",16.2,10,"$200, 000 and greater",3,5,16.2,"N",5,"Caucasian/White",4,"white",3,">100",5,3,"Post-Graduate Degree"
"NCANDA_S00990","baseline",18.62,10,"$200, 000 and greater",3,4,18.62,"N",2,"Asian",1,"asian",3,">100",4,3,"Post-Graduate Degree"
"NCANDA_S00991","baseline",16.91,10,"$200, 000 and greater",3,4,16.91,"N",5,"Caucasian/White",4,"white",3,">100",4,3,"Post-Graduate Degree"
"NCANDA_S00992","baseline",13.85,10,"$200, 000 and greater",3,7,13.85,"N",5,"Caucasian/White",4,"white",3,">100",3,2,"BA/BS"
"NCANDA_S00993","baseline",16.83,10,"$200, 000 and greater",5,6,16.83,"N",5,"Caucasian/White",4,"white",3,">100",6,3,"Post-Graduate Degree"
"NCANDA_S00994","baseline",15.67,7,"$50, 000 through $74, 999",4,3,15.67,"N",5,"Caucasian/White",4,"white",2,">50<100",4,3,"Post-Graduate Degree"
"NCANDA_S00996","baseline",12.86,10,"$200, 000 and greater",5,6,12.86,"N",5,"Caucasian/White",4,"white",3,">100",6,3,"Post-Graduate Degree"
"NCANDA_S00997","baseline",18.56,9,"$100, 000 through $199, 999",3,3,18.56,"N",2,"Asian",1,"asian",3,">100",3,2,"BA/BS"
"NCANDA_S00998","baseline",12.73,9,"$100, 000 through $199, 999",1,3,12.73,"N",5,"Caucasian/White",4,"white",3,">100",3,2,"BA/BS"
"NCANDA_S00999","baseline",12.89,10,"$200, 000 and greater",4,4,12.89,"N",5,"Caucasian/White",4,"white",3,">100",4,3,"Post-Graduate Degree"
"NCANDA_S01000","baseline",12.86,9,"$100, 000 through $199, 999",3,3,12.86,"N",5,"Caucasian/White",4,"white",3,">100",3,2,"BA/BS"
"NCANDA_S01001","baseline",NA,NA,"",NA,NA,18.95,"N",5,"Caucasian/White",4,"white",NA,NA,NA,NA,NA
"NCANDA_S01002","baseline",12.12,7,"$50, 000 through $74, 999",2,2,12.12,"N",5,"Caucasian/White",4,"white",2,">50<100",2,1,"High School/GED/AA"
"NCANDA_S01003","baseline",12.3,10,"$200, 000 and greater",3,6,12.3,"N",5,"Caucasian/White",4,"white",3,">100",6,3,"Post-Graduate Degree"
"NCANDA_S01004","baseline",14.31,10,"$200, 000 and greater",3,6,14.31,"N",5,"Caucasian/White",4,"white",3,">100",6,3,"Post-Graduate Degree"
"NCANDA_S01005","baseline",17.73,9,"$100, 000 through $199, 999",3,3,17.73,"N",5,"Caucasian/White",4,"white",3,">100",3,2,"BA/BS"
"NCANDA_S01006","baseline",12.1,8,"$75, 000 through $99, 999",4,NA,12.1,"Y",6,"African-American/Black",3,"hispanic",2,">50<100",4,3,"Post-Graduate Degree"
"NCANDA_S01009","baseline",18.94,9,"$100, 000 through $199, 999",7,5,18.94,"N",5,"Caucasian/White",4,"white",3,">100",5,3,"Post-Graduate Degree"
"NCANDA_S01010","baseline",15.42,6,"$35, 000 through $49, 999",3,NA,15.42,"N",4,"African-American/Black",2,"black",1,"<50",3,2,"BA/BS"
